datetime,open,high,low,close,volume
2026-07-07T19:15:00+00:00,29142.100000000002,29143.480000000003,29078.600000000002,29128.980000000003,75476
2026-07-07T19:30:00+00:00,29128.980000000003,29179.230000000003,29111.600000000002,29117.850000000002,78801
2026-07-07T19:45:00+00:00,29117.850000000002,29207.730000000003,29114.230000000003,29203.350000000002,76754
2026-07-07T20:00:00+00:00,29203.350000000002,29244.83,29195.33,29224.83,25014
2026-07-07T20:15:00+00:00,29224.83,29231.33,29201.15,29223.83,9863
2026-07-07T20:30:00+00:00,29223.83,29232.2,29220.83,29223.7,7507
2026-07-07T20:45:00+00:00,29223.7,29230.2,29219.83,29227.280000000002,5806
2026-07-07T22:00:00+00:00,29227.280000000002,29227.280000000002,29133.480000000003,29188.91,13057
2026-07-07T22:15:00+00:00,29188.91,29200.91,29178.530000000002,29186.280000000002,6067
2026-07-07T22:30:00+00:00,29186.280000000002,29211.91,29177.41,29196.91,6730
2026-07-07T22:45:00+00:00,29196.91,29208.16,29185.730000000003,29196.16,5858
2026-07-07T23:00:00+00:00,29196.16,29208.280000000002,29170.280000000002,29191.030000000002,7515
2026-07-07T23:15:00+00:00,29191.030000000002,29219.41,29186.980000000003,29209.91,6298
2026-07-07T23:30:00+00:00,29209.91,29220.41,29152.780000000002,29157.780000000002,8070
2026-07-07T23:45:00+00:00,29157.780000000002,29173.16,29106.480000000003,29114.280000000002,14325
2026-07-08T00:00:00+00:00,29114.280000000002,29239.530000000002,29079.91,29228.91,38179
2026-07-08T00:15:00+00:00,29228.91,29291.280000000002,29204.66,29267.230000000003,30461
2026-07-08T00:30:00+00:00,29267.230000000003,29329.530000000002,29221.480000000003,29329.530000000002,25034
2026-07-08T00:45:00+00:00,29329.530000000002,29360.030000000002,29325.530000000002,29356.41,19262
2026-07-08T01:00:00+00:00,29356.41,29371.030000000002,29308.41,29363.91,20871
2026-07-08T01:15:00+00:00,29363.91,29368.030000000002,29294.780000000002,29299.41,17568
2026-07-08T01:30:00+00:00,29299.41,29307.91,29240.91,29271.780000000002,25816
2026-07-08T01:45:00+00:00,29271.780000000002,29298.530000000002,29240.530000000002,29249.91,25584
2026-07-08T02:00:00+00:00,29249.91,29256.280000000002,29201.66,29210.16,25220
2026-07-08T02:15:00+00:00,29210.16,29272.16,29205.41,29235.16,20263
2026-07-08T02:30:00+00:00,29235.16,29270.16,29213.16,29270.030000000002,19277
2026-07-08T02:45:00+00:00,29270.030000000002,29288.530000000002,29259.16,29274.41,18376
2026-07-08T03:00:00+00:00,29274.41,29308.780000000002,29274.41,29301.530000000002,14654
2026-07-08T03:15:00+00:00,29301.530000000002,29332.91,29289.030000000002,29329.030000000002,13541
2026-07-08T03:30:00+00:00,29329.030000000002,29345.530000000002,29295.480000000003,29301.780000000002,15147
2026-07-08T03:45:00+00:00,29301.780000000002,29307.16,29278.41,29280.530000000002,15269
2026-07-08T04:00:00+00:00,29280.530000000002,29286.91,29246.780000000002,29256.16,15897
2026-07-08T04:15:00+00:00,29256.16,29278.030000000002,29241.780000000002,29255.030000000002,15560
2026-07-08T04:30:00+00:00,29255.030000000002,29259.530000000002,29204.91,29222.66,20652
2026-07-08T04:45:00+00:00,29222.66,29235.280000000002,29189.780000000002,29229.16,19746
2026-07-08T05:00:00+00:00,29229.16,29260.280000000002,29213.16,29221.780000000002,23563
2026-07-08T05:15:00+00:00,29221.780000000002,29245.530000000002,29192.780000000002,29198.280000000002,21511
2026-07-08T05:30:00+00:00,29198.280000000002,29198.41,29159.91,29166.16,21414
2026-07-08T05:45:00+00:00,29166.16,29176.66,29125.66,29160.91,17914
2026-07-08T06:00:00+00:00,29160.91,29176.91,29142.91,29158.16,18388
2026-07-08T06:15:00+00:00,29158.16,29171.66,29134.280000000002,29135.030000000002,18309
2026-07-08T06:30:00+00:00,29135.030000000002,29144.780000000002,29098.980000000003,29103.16,15480
2026-07-08T06:45:00+00:00,29103.16,29165.530000000002,29096.230000000003,29143.530000000002,13233
2026-07-08T07:00:00+00:00,29143.530000000002,29149.66,29095.780000000002,29116.66,22595
2026-07-08T07:15:00+00:00,29116.66,29168.91,29095.030000000002,29165.16,19093
2026-07-08T07:30:00+00:00,29165.16,29221.91,29160.230000000003,29208.16,16503
2026-07-08T07:45:00+00:00,29208.16,29217.66,29182.41,29195.030000000002,14800
2026-07-08T08:00:00+00:00,29195.030000000002,29226.030000000002,29155.16,29222.780000000002,21147
2026-07-08T08:15:00+00:00,29222.780000000002,29228.530000000002,28877.480000000003,28893.230000000003,70998
2026-07-08T08:30:00+00:00,28893.230000000003,28918.280000000002,28771.230000000003,28834.980000000003,55506
2026-07-08T08:45:00+00:00,28834.980000000003,28912.66,28814.730000000003,28823.16,31675
2026-07-08T09:00:00+00:00,28823.16,28847.280000000002,28725.230000000003,28727.91,31639
2026-07-08T09:15:00+00:00,28727.91,28784.530000000002,28722.980000000003,28774.530000000002,32274
2026-07-08T09:30:00+00:00,28774.530000000002,28824.41,28766.730000000003,28802.16,24940
2026-07-08T09:45:00+00:00,28802.16,28818.16,28762.030000000002,28772.030000000002,19076
2026-07-08T10:00:00+00:00,28772.030000000002,28799.280000000002,28736.730000000003,28770.730000000003,19596
2026-07-08T10:15:00+00:00,28770.730000000003,28835.66,28761.480000000003,28833.780000000002,18497
2026-07-08T10:30:00+00:00,28833.780000000002,28868.030000000002,28809.16,28862.530000000002,20161
2026-07-08T10:45:00+00:00,28862.530000000002,28873.980000000003,28824.730000000003,28832.230000000003,14264
2026-07-08T11:00:00+00:00,28832.230000000003,28842.41,28791.030000000002,28816.16,22386
2026-07-08T11:15:00+00:00,28816.16,28825.91,28789.41,28800.780000000002,16925
2026-07-08T11:30:00+00:00,28800.780000000002,28938.41,28786.480000000003,28898.480000000003,26024
2026-07-08T11:45:00+00:00,28898.480000000003,28929.530000000002,28867.230000000003,28902.530000000002,27227
2026-07-08T12:00:00+00:00,28902.530000000002,28997.280000000002,28866.980000000003,28963.030000000002,23767
2026-07-08T12:15:00+00:00,28963.030000000002,28993.030000000002,28938.030000000002,28991.030000000002,19676
2026-07-08T12:30:00+00:00,28991.030000000002,29006.16,28959.780000000002,28997.530000000002,17922
2026-07-08T12:45:00+00:00,28997.530000000002,29052.66,28965.66,28967.66,26569
2026-07-08T13:00:00+00:00,28967.66,29035.16,28962.030000000002,29026.030000000002,32400
2026-07-08T13:15:00+00:00,29026.030000000002,29043.030000000002,28967.280000000002,29015.16,34103
2026-07-08T13:30:00+00:00,29015.16,29199.31,29015.16,29162.93,178938
2026-07-08T13:45:00+00:00,29162.93,29212.81,29101.93,29180.31,150463
2026-07-08T14:00:00+00:00,29180.31,29203.18,29059.43,29085.68,128786
2026-07-08T14:15:00+00:00,29085.68,29187.06,29049.43,29106.18,128838
2026-07-08T14:30:00+00:00,29106.18,29149.56,29022.81,29066.56,120069
2026-07-08T14:45:00+00:00,29066.56,29111.18,28965.06,29025.06,116496
2026-07-08T15:00:00+00:00,29025.06,29038.06,28945.18,28951.68,98818
2026-07-08T15:15:00+00:00,28951.68,28975.56,28848.81,28871.43,99109
2026-07-08T15:30:00+00:00,28871.43,28966.68,28848.18,28928.31,81324
2026-07-08T15:45:00+00:00,28928.31,28944.68,28865.06,28910.81,70456
2026-07-08T16:00:00+00:00,28910.81,29036.18,28906.480000000003,29028.81,56192
2026-07-08T16:15:00+00:00,29028.81,29116.56,29008.68,29090.56,38819
2026-07-08T16:30:00+00:00,29090.56,29162.93,29059.730000000003,29145.31,44521
2026-07-08T16:45:00+00:00,29145.31,29190.93,29123.56,29186.68,51034
2026-07-08T17:00:00+00:00,29186.68,29203.68,29149.31,29150.43,45721
2026-07-08T17:15:00+00:00,29150.43,29258.56,29148.81,29254.81,47045
2026-07-08T17:30:00+00:00,29254.81,29271.68,29196.730000000003,29202.06,41920
2026-07-08T17:45:00+00:00,29202.06,29203.31,29138.06,29166.93,40867
2026-07-08T18:00:00+00:00,29166.93,29238.780000000002,29142.730000000003,29220.030000000002,46005.12454907918
2026-07-08T18:15:00+00:00,29220.030000000002,29232.280000000002,29183.280000000002,29185.660000000003,38026
2026-07-08T18:30:00+00:00,29185.660000000003,29231.410000000003,29160.910000000003,29214.410000000003,43200
2026-07-08T18:45:00+00:00,29214.410000000003,29237.780000000002,29193.780000000002,29218.780000000002,33761
2026-07-08T19:00:00+00:00,29218.780000000002,29250.030000000002,29189.910000000003,29209.780000000002,39736
2026-07-08T19:15:00+00:00,29209.780000000002,29251.660000000003,29193.780000000002,29238.910000000003,35397
2026-07-08T19:30:00+00:00,29238.910000000003,29246.910000000003,29202.030000000002,29231.160000000003,46904
2026-07-08T19:45:00+00:00,29231.160000000003,29313.530000000002,29194.580000000005,29271.410000000003,57911
2026-07-08T20:00:00+00:00,29271.410000000003,29281.880000000005,29216.380000000005,29237.510000000002,22048
2026-07-08T20:15:00+00:00,29237.510000000002,29239.010000000002,29199.510000000002,29208.010000000002,12549
2026-07-08T20:30:00+00:00,29208.010000000002,29212.010000000002,29165.880000000005,29198.880000000005,14989
2026-07-08T20:45:00+00:00,29198.880000000005,29220.080000000005,29187.260000000002,29203.960000000003,9642
2026-07-08T22:00:00+00:00,29203.960000000003,29261.090000000004,29203.960000000003,29249.090000000004,6195
2026-07-08T22:15:00+00:00,29249.090000000004,29264.210000000003,29219.910000000003,29238.710000000003,4072
2026-07-08T22:30:00+00:00,29238.710000000003,29252.910000000003,29221.410000000003,29223.840000000004,6389
2026-07-08T22:45:00+00:00,29223.840000000004,29243.710000000003,29220.910000000003,29240.590000000004,4051
2026-07-08T23:00:00+00:00,29240.590000000004,29271.410000000003,29238.090000000004,29260.340000000004,5755
2026-07-08T23:15:00+00:00,29260.340000000004,29260.340000000004,29210.910000000003,29239.340000000004,6897
2026-07-08T23:30:00+00:00,29239.340000000004,29301.340000000004,29215.910000000003,29295.460000000003,8318
2026-07-08T23:45:00+00:00,29295.460000000003,29318.210000000003,29283.410000000003,29307.340000000004,15122
2026-07-09T00:00:00+00:00,29307.340000000004,29379.590000000004,29305.910000000003,29378.960000000003,26287
2026-07-09T00:15:00+00:00,29378.960000000003,29382.590000000004,29334.210000000003,29376.340000000004,18285
2026-07-09T00:30:00+00:00,29376.340000000004,29398.090000000004,29327.590000000004,29335.090000000004,21588
2026-07-09T00:45:00+00:00,29335.090000000004,29377.960000000003,29302.160000000003,29318.840000000004,21472
2026-07-09T01:00:00+00:00,29318.840000000004,29353.340000000004,29278.090000000004,29328.090000000004,23309
2026-07-09T01:15:00+00:00,29328.090000000004,29370.340000000004,29316.160000000003,29345.460000000003,17824
2026-07-09T01:30:00+00:00,29345.460000000003,29356.340000000004,29322.340000000004,29346.210000000003,22772
2026-07-09T01:45:00+00:00,29346.210000000003,29352.960000000003,29260.160000000003,29264.840000000004,26158
2026-07-09T02:00:00+00:00,29264.840000000004,29344.210000000003,29241.710000000003,29341.710000000003,25400
2026-07-09T02:15:00+00:00,29341.710000000003,29392.340000000004,29332.340000000004,29349.460000000003,16121
2026-07-09T02:30:00+00:00,29349.460000000003,29358.710000000003,29276.160000000003,29278.210000000003,18672
2026-07-09T02:45:00+00:00,29278.210000000003,29283.090000000004,29234.910000000003,29244.840000000004,22657
2026-07-09T03:00:00+00:00,29244.840000000004,29265.340000000004,29220.590000000004,29237.210000000003,21782
2026-07-09T03:15:00+00:00,29237.210000000003,29296.590000000004,29211.960000000003,29295.340000000004,20236
2026-07-09T03:30:00+00:00,29295.340000000004,29329.590000000004,29289.710000000003,29326.090000000004,21616
2026-07-09T03:45:00+00:00,29326.090000000004,29332.840000000004,29310.960000000003,29321.590000000004,15666
2026-07-09T04:00:00+00:00,29321.590000000004,29332.710000000003,29309.710000000003,29315.090000000004,14663
2026-07-09T04:15:00+00:00,29315.090000000004,29333.340000000004,29278.090000000004,29288.460000000003,16828
2026-07-09T04:30:00+00:00,29288.460000000003,29354.460000000003,29288.340000000004,29352.460000000003,16098
2026-07-09T04:45:00+00:00,29352.460000000003,29374.210000000003,29336.210000000003,29367.960000000003,13091
2026-07-09T05:00:00+00:00,29367.960000000003,29412.340000000004,29323.960000000003,29383.710000000003,21008
2026-07-09T05:15:00+00:00,29383.710000000003,29393.210000000003,29327.590000000004,29329.460000000003,17792
2026-07-09T05:30:00+00:00,29329.460000000003,29354.710000000003,29289.840000000004,29351.710000000003,21067
2026-07-09T05:45:00+00:00,29351.710000000003,29424.710000000003,29347.410000000003,29422.340000000004,17625
2026-07-09T06:00:00+00:00,29422.340000000004,29431.590000000004,29387.460000000003,29420.710000000003,19165
2026-07-09T06:15:00+00:00,29420.710000000003,29458.460000000003,29417.590000000004,29443.590000000004,14587
2026-07-09T06:30:00+00:00,29443.590000000004,29452.590000000004,29413.590000000004,29444.710000000003,15683
2026-07-09T06:45:00+00:00,29444.710000000003,29447.590000000004,29416.710000000003,29427.710000000003,10163
2026-07-09T07:00:00+00:00,29427.710000000003,29470.840000000004,29418.960000000003,29470.710000000003,20273
2026-07-09T07:15:00+00:00,29470.710000000003,29482.590000000004,29455.340000000004,29467.210000000003,11918
2026-07-09T07:30:00+00:00,29467.210000000003,29498.710000000003,29456.210000000003,29496.710000000003,11360
2026-07-09T07:45:00+00:00,29496.710000000003,29521.710000000003,29486.590000000004,29499.840000000004,11642
2026-07-09T08:00:00+00:00,29499.840000000004,29549.590000000004,29479.460000000003,29519.210000000003,19017
2026-07-09T08:15:00+00:00,29519.210000000003,29550.710000000003,29509.590000000004,29514.460000000003,14668
2026-07-09T08:30:00+00:00,29514.460000000003,29520.210000000003,29475.460000000003,29492.840000000004,15320
2026-07-09T08:45:00+00:00,29492.840000000004,29497.210000000003,29458.590000000004,29476.840000000004,14956
2026-07-09T09:00:00+00:00,29476.840000000004,29485.090000000004,29444.840000000004,29455.710000000003,15333
2026-07-09T09:15:00+00:00,29455.710000000003,29477.710000000003,29448.340000000004,29466.090000000004,14291
2026-07-09T09:30:00+00:00,29466.090000000004,29476.960000000003,29428.590000000004,29437.460000000003,16256
2026-07-09T09:45:00+00:00,29437.460000000003,29464.090000000004,29433.840000000004,29460.090000000004,11953
2026-07-09T10:00:00+00:00,29460.090000000004,29471.710000000003,29449.340000000004,29462.210000000003,11127
2026-07-09T10:15:00+00:00,29462.210000000003,29484.340000000004,29447.460000000003,29465.710000000003,10462
2026-07-09T10:30:00+00:00,29465.710000000003,29475.840000000004,29444.460000000003,29455.340000000004,12964
2026-07-09T10:45:00+00:00,29455.340000000004,29460.460000000003,29379.210000000003,29415.960000000003,18811
2026-07-09T11:00:00+00:00,29415.960000000003,29441.590000000004,29393.590000000004,29425.960000000003,16619
2026-07-09T11:15:00+00:00,29425.960000000003,29458.710000000003,29409.340000000004,29456.960000000003,17622
2026-07-09T11:30:00+00:00,29456.960000000003,29505.090000000004,29442.660000000003,29499.210000000003,17613
2026-07-09T11:45:00+00:00,29499.210000000003,29536.090000000004,29490.660000000003,29511.590000000004,16450
2026-07-09T12:00:00+00:00,29511.590000000004,29547.590000000004,29495.960000000003,29530.210000000003,19535
2026-07-09T12:15:00+00:00,29530.210000000003,29565.210000000003,29519.460000000003,29563.840000000004,18712
2026-07-09T12:30:00+00:00,29563.840000000004,29601.710000000003,29555.340000000004,29564.090000000004,19537
2026-07-09T12:45:00+00:00,29564.090000000004,29564.090000000004,29530.590000000004,29550.960000000003,18518
2026-07-09T13:00:00+00:00,29550.960000000003,29574.840000000004,29540.710000000003,29572.590000000004,22657
2026-07-09T13:15:00+00:00,29572.590000000004,29574.590000000004,29542.090000000004,29561.840000000004,25185
2026-07-09T13:30:00+00:00,29561.840000000004,29686.490000000005,29487.110000000004,29674.610000000004,140895
2026-07-09T13:45:00+00:00,29674.610000000004,29746.240000000005,29624.240000000005,29726.360000000004,100688
2026-07-09T14:00:00+00:00,29726.360000000004,29738.110000000004,29600.860000000004,29619.110000000004,109002
2026-07-09T14:15:00+00:00,29619.110000000004,29619.610000000004,29429.740000000005,29578.740000000005,137009
2026-07-09T14:30:00+00:00,29578.740000000005,29614.490000000005,29510.410000000003,29574.610000000004,98217
2026-07-09T14:45:00+00:00,29574.610000000004,29636.990000000005,29539.360000000004,29602.610000000004,89450
2026-07-09T15:00:00+00:00,29602.610000000004,29679.610000000004,29595.240000000005,29670.110000000004,63826
2026-07-09T15:15:00+00:00,29670.110000000004,29701.490000000005,29645.740000000005,29689.490000000005,46592
2026-07-09T15:30:00+00:00,29689.490000000005,29714.990000000005,29671.990000000005,29697.990000000005,38343
2026-07-09T15:45:00+00:00,29697.990000000005,29720.860000000004,29694.360000000004,29701.740000000005,28927
2026-07-09T16:00:00+00:00,29701.740000000005,29739.490000000005,29701.490000000005,29716.240000000005,26060
2026-07-09T16:15:00+00:00,29716.240000000005,29732.610000000004,29696.240000000005,29706.360000000004,25407
2026-07-09T16:30:00+00:00,29706.360000000004,29732.240000000005,29679.910000000003,29724.360000000004,29082
2026-07-09T16:45:00+00:00,29724.360000000004,29729.110000000004,29701.110000000004,29712.740000000005,22084
2026-07-09T17:00:00+00:00,29712.740000000005,29785.110000000004,29708.860000000004,29769.990000000005,22268
2026-07-09T17:15:00+00:00,29769.990000000005,29805.740000000005,29769.740000000005,29804.110000000004,19887
2026-07-09T17:30:00+00:00,29804.110000000004,29808.860000000004,29777.860000000004,29789.990000000005,20856
2026-07-09T17:45:00+00:00,29789.990000000005,29808.110000000004,29766.410000000003,29789.740000000005,17441
2026-07-09T18:00:00+00:00,29789.740000000005,29800.110000000004,29776.740000000005,29791.740000000005,20994
2026-07-09T18:15:00+00:00,29791.740000000005,29795.990000000005,29757.740000000005,29772.610000000004,22892
2026-07-09T18:30:00+00:00,29772.610000000004,29783.610000000004,29754.990000000005,29773.240000000005,21832
2026-07-09T18:45:00+00:00,29773.240000000005,29779.860000000004,29744.990000000005,29754.860000000004,21203
2026-07-09T19:00:00+00:00,29754.860000000004,29756.990000000005,29721.160000000003,29731.740000000005,26097
2026-07-09T19:15:00+00:00,29731.740000000005,29773.490000000005,29718.660000000003,29747.240000000005,23910
2026-07-09T19:30:00+00:00,29747.240000000005,29760.990000000005,29724.910000000003,29758.860000000004,26373
2026-07-09T19:45:00+00:00,29758.860000000004,29770.110000000004,29712.610000000004,29763.860000000004,38422
2026-07-09T20:00:00+00:00,29763.860000000004,29788.840000000004,29757.960000000003,29781.840000000004,15622
2026-07-09T20:15:00+00:00,29781.840000000004,29785.340000000004,29752.460000000003,29755.090000000004,6460
2026-07-09T20:30:00+00:00,29755.090000000004,29764.590000000004,29747.460000000003,29749.710000000003,5069
2026-07-09T20:45:00+00:00,29749.710000000003,29754.710000000003,29741.590000000004,29745.780000000002,6243
2026-07-09T22:00:00+00:00,29745.780000000002,29776.610000000004,29740.310000000005,29753.110000000004,8638
2026-07-09T22:15:00+00:00,29753.110000000004,29761.240000000005,29720.560000000005,29724.490000000005,6308
2026-07-09T22:30:00+00:00,29724.490000000005,29738.490000000005,29721.610000000004,29737.240000000005,4294
2026-07-09T22:45:00+00:00,29737.240000000005,29742.360000000004,29729.360000000004,29737.610000000004,4324
2026-07-09T23:00:00+00:00,29737.610000000004,29757.610000000004,29723.490000000005,29755.110000000004,5082
2026-07-09T23:15:00+00:00,29755.110000000004,29779.490000000005,29745.860000000004,29774.240000000005,4944
2026-07-09T23:30:00+00:00,29774.240000000005,29775.490000000005,29755.490000000005,29757.610000000004,4575
2026-07-09T23:45:00+00:00,29757.610000000004,29773.860000000004,29741.990000000005,29748.860000000004,10583
2026-07-10T00:00:00+00:00,29748.860000000004,29767.990000000005,29674.490000000005,29710.740000000005,31663
2026-07-10T00:15:00+00:00,29710.740000000005,29718.990000000005,29637.860000000004,29653.990000000005,23201
2026-07-10T00:30:00+00:00,29653.990000000005,29660.240000000005,29620.610000000004,29644.490000000005,20895
2026-07-10T00:45:00+00:00,29644.490000000005,29685.860000000004,29624.490000000005,29682.860000000004,13592
2026-07-10T01:00:00+00:00,29682.860000000004,29686.740000000005,29633.990000000005,29659.490000000005,15623
2026-07-10T01:15:00+00:00,29659.490000000005,29692.490000000005,29653.240000000005,29684.240000000005,13538
2026-07-10T01:30:00+00:00,29684.240000000005,29718.610000000004,29670.740000000005,29701.360000000004,16582
2026-07-10T01:45:00+00:00,29701.360000000004,29738.610000000004,29697.490000000005,29708.240000000005,13540
2026-07-10T02:00:00+00:00,29708.240000000005,29717.860000000004,29681.990000000005,29696.360000000004,14704
2026-07-10T02:15:00+00:00,29696.360000000004,29700.610000000004,29670.240000000005,29698.990000000005,15278
2026-07-10T02:30:00+00:00,29698.990000000005,29732.240000000005,29690.240000000005,29724.110000000004,9442
2026-07-10T02:45:00+00:00,29724.110000000004,29768.860000000004,29718.360000000004,29767.610000000004,9140
2026-07-10T03:00:00+00:00,29767.610000000004,29779.240000000005,29757.240000000005,29763.860000000004,8229
2026-07-10T03:15:00+00:00,29763.860000000004,29766.990000000005,29738.110000000004,29740.360000000004,8124
2026-07-10T03:30:00+00:00,29740.360000000004,29748.860000000004,29733.490000000005,29741.110000000004,10046
2026-07-10T03:45:00+00:00,29741.110000000004,29749.360000000004,29728.360000000004,29748.740000000005,8967
2026-07-10T04:00:00+00:00,29748.740000000005,29764.990000000005,29739.240000000005,29762.860000000004,8842
2026-07-10T04:15:00+00:00,29762.860000000004,29764.360000000004,29733.310000000005,29743.740000000005,9015
2026-07-10T04:30:00+00:00,29743.740000000005,29745.610000000004,29722.610000000004,29731.740000000005,8389
2026-07-10T04:45:00+00:00,29731.740000000005,29733.990000000005,29691.610000000004,29699.240000000005,10491
2026-07-10T05:00:00+00:00,29699.240000000005,29702.610000000004,29681.740000000005,29698.490000000005,12632
2026-07-10T05:15:00+00:00,29698.490000000005,29713.240000000005,29686.240000000005,29692.240000000005,10634
2026-07-10T05:30:00+00:00,29692.240000000005,29697.490000000005,29668.360000000004,29690.990000000005,10416
2026-07-10T05:45:00+00:00,29690.990000000005,29691.490000000005,29656.360000000004,29661.740000000005,12032
2026-07-10T06:00:00+00:00,29661.740000000005,29673.110000000004,29636.490000000005,29642.240000000005,15275
2026-07-10T06:15:00+00:00,29642.240000000005,29646.610000000004,29591.740000000005,29605.490000000005,14536
2026-07-10T06:30:00+00:00,29605.490000000005,29646.990000000005,29601.240000000005,29630.860000000004,13776
2026-07-10T06:45:00+00:00,29630.860000000004,29648.490000000005,29626.240000000005,29635.360000000004,7810
2026-07-10T07:00:00+00:00,29635.360000000004,29641.740000000005,29611.990000000005,29629.360000000004,13874
2026-07-10T07:15:00+00:00,29629.360000000004,29641.360000000004,29607.310000000005,29631.860000000004,12285
2026-07-10T07:30:00+00:00,29631.860000000004,29634.610000000004,29609.610000000004,29613.240000000005,10200
2026-07-10T07:45:00+00:00,29613.240000000005,29615.240000000005,29579.360000000004,29589.490000000005,10783
2026-07-10T08:00:00+00:00,29589.490000000005,29615.610000000004,29559.490000000005,29612.360000000004,20564
2026-07-10T08:15:00+00:00,29612.360000000004,29620.360000000004,29572.110000000004,29584.240000000005,12818
2026-07-10T08:30:00+00:00,29584.240000000005,29601.240000000005,29569.740000000005,29601.110000000004,14172
2026-07-10T08:45:00+00:00,29601.110000000004,29614.740000000005,29587.740000000005,29589.740000000005,12172
2026-07-10T09:00:00+00:00,29589.740000000005,29616.360000000004,29532.560000000005,29612.490000000005,16054
2026-07-10T09:15:00+00:00,29612.490000000005,29633.110000000004,29612.490000000005,29627.990000000005,10054
2026-07-10T09:30:00+00:00,29627.990000000005,29643.490000000005,29622.110000000004,29633.490000000005,8633
2026-07-10T09:45:00+00:00,29633.490000000005,29643.490000000005,29616.490000000005,29631.240000000005,10561
2026-07-10T10:00:00+00:00,29631.240000000005,29657.610000000004,29631.110000000004,29649.610000000004,9137
2026-07-10T10:15:00+00:00,29649.610000000004,29655.240000000005,29621.810000000005,29654.240000000005,8539
2026-07-10T10:30:00+00:00,29654.240000000005,29678.110000000004,29653.990000000005,29677.860000000004,9283
2026-07-10T10:45:00+00:00,29677.860000000004,29678.240000000005,29650.610000000004,29666.490000000005,8954
2026-07-10T11:00:00+00:00,29666.490000000005,29693.240000000005,29664.860000000004,29691.240000000005,13137
2026-07-10T11:15:00+00:00,29691.240000000005,29703.490000000005,29666.990000000005,29668.240000000005,11801
2026-07-10T11:30:00+00:00,29668.240000000005,29668.240000000005,29627.740000000005,29652.860000000004,13834
2026-07-10T11:45:00+00:00,29652.860000000004,29659.110000000004,29622.860000000004,29631.490000000005,12915
2026-07-10T12:00:00+00:00,29631.490000000005,29695.360000000004,29587.740000000005,29661.310000000005,24407
2026-07-10T12:15:00+00:00,29661.310000000005,29673.240000000005,29641.060000000005,29667.360000000004,17131
2026-07-10T12:30:00+00:00,29667.360000000004,29676.990000000005,29636.060000000005,29640.110000000004,19196
2026-07-10T12:45:00+00:00,29640.110000000004,29657.860000000004,29616.360000000004,29616.360000000004,17223
2026-07-10T13:00:00+00:00,29616.360000000004,29642.610000000004,29606.740000000005,29628.110000000004,20518
2026-07-10T13:15:00+00:00,29628.110000000004,29666.740000000005,29618.490000000005,29651.360000000004,22186
2026-07-10T13:30:00+00:00,29651.360000000004,29753.140000000003,29614.260000000002,29672.640000000003,160255
2026-07-10T13:45:00+00:00,29672.640000000003,29784.760000000002,29669.640000000003,29738.760000000002,116297
2026-07-10T14:00:00+00:00,29738.760000000002,29782.140000000003,29723.260000000002,29756.760000000002,100685
2026-07-10T14:15:00+00:00,29756.760000000002,29768.010000000002,29661.560000000005,29723.510000000002,108530
2026-07-10T14:30:00+00:00,29723.510000000002,29773.760000000002,29492.560000000005,29707.140000000003,120361
2026-07-10T14:45:00+00:00,29707.140000000003,29729.140000000003,29625.140000000003,29634.260000000002,86665
2026-07-10T15:00:00+00:00,29634.260000000002,29700.890000000003,29597.010000000002,29690.510000000002,92937
2026-07-10T15:15:00+00:00,29690.510000000002,29804.140000000003,29689.640000000003,29795.890000000003,64745
2026-07-10T15:30:00+00:00,29795.890000000003,29808.010000000002,29650.010000000002,29691.140000000003,78076
2026-07-10T15:45:00+00:00,29691.140000000003,29764.640000000003,29664.260000000002,29761.140000000003,61798
2026-07-10T16:00:00+00:00,29761.140000000003,29804.640000000003,29760.510000000002,29797.640000000003,42923
2026-07-10T16:15:00+00:00,29797.640000000003,29845.390000000003,29797.390000000003,29830.010000000002,35936
2026-07-10T16:30:00+00:00,29830.010000000002,29850.760000000002,29821.140000000003,29833.140000000003,27992
2026-07-10T16:45:00+00:00,29833.140000000003,29859.140000000003,29828.760000000002,29843.260000000002,27624
2026-07-10T17:00:00+00:00,29843.260000000002,29849.760000000002,29813.260000000002,29832.140000000003,26162
2026-07-10T17:15:00+00:00,29832.140000000003,29867.510000000002,29825.310000000005,29866.640000000003,22366
2026-07-10T17:30:00+00:00,29866.640000000003,29887.260000000002,29854.890000000003,29881.010000000002,23339
2026-07-10T17:45:00+00:00,29881.010000000002,29888.390000000003,29848.140000000003,29855.140000000003,17696
2026-07-10T18:00:00+00:00,29855.140000000003,29886.140000000003,29850.890000000003,29866.140000000003,22842
2026-07-10T18:15:00+00:00,29866.140000000003,29879.760000000002,29838.310000000005,29861.890000000003,22309
2026-07-10T18:30:00+00:00,29861.890000000003,29874.260000000002,29847.510000000002,29856.010000000002,20107
2026-07-10T18:45:00+00:00,29856.010000000002,29863.760000000002,29845.010000000002,29854.640000000003,18707
2026-07-10T19:00:00+00:00,29854.640000000003,29893.010000000002,29849.890000000003,29875.390000000003,22283
2026-07-10T19:15:00+00:00,29875.390000000003,29876.260000000002,29853.010000000002,29862.510000000002,20606
2026-07-10T19:30:00+00:00,29862.510000000002,29884.010000000002,29861.510000000002,29870.140000000003,21672
2026-07-10T19:45:00+00:00,29870.140000000003,29882.760000000002,29841.390000000003,29853.510000000002,32096
2026-07-10T20:00:00+00:00,29853.510000000002,29877.860000000004,29847.860000000004,29864.490000000005,13237
2026-07-10T20:15:00+00:00,29864.490000000005,29876.140000000003,29862.610000000004,29871.390000000003,4073
2026-07-10T20:30:00+00:00,29871.390000000003,29877.890000000003,29868.510000000002,29875.210000000003,2328
2026-07-12T22:00:00+00:00,29875.210000000003,30539.000000000004,29875.210000000003,30424.570000000003,18811
2026-07-12T22:15:00+00:00,30424.570000000003,30455.870000000003,30421.570000000003,30446.120000000003,6590
2026-07-12T22:30:00+00:00,30446.120000000003,30464.120000000003,30432.320000000003,30455.120000000003,4271
2026-07-12T22:45:00+00:00,30455.120000000003,30474.370000000003,30432.320000000003,30470.120000000003,4763
2026-07-12T23:00:00+00:00,30470.120000000003,30470.750000000004,30440.820000000003,30450.870000000003,6239
2026-07-12T23:15:00+00:00,30450.870000000003,30453.120000000003,30429.370000000003,30449.000000000004,5248
2026-07-12T23:30:00+00:00,30449.000000000004,30457.870000000003,30435.570000000003,30449.000000000004,4812
2026-07-12T23:45:00+00:00,30449.000000000004,30455.250000000004,30404.500000000004,30452.370000000003,15772
2026-07-13T00:00:00+00:00,30452.370000000003,30601.750000000004,30431.500000000004,30578.620000000003,32391
2026-07-13T00:15:00+00:00,30578.620000000003,30591.000000000004,30517.870000000003,30527.000000000004,25296
2026-07-13T00:30:00+00:00,30527.000000000004,30531.500000000004,30409.870000000003,30444.000000000004,30138
2026-07-13T00:45:00+00:00,30444.000000000004,30464.250000000004,30367.870000000003,30394.870000000003,28832
2026-07-13T01:00:00+00:00,30394.870000000003,30410.250000000004,30348.750000000004,30370.870000000003,28505
2026-07-13T01:15:00+00:00,30370.870000000003,30407.620000000003,30349.070000000003,30368.250000000004,22188
2026-07-13T01:30:00+00:00,30368.250000000004,30402.620000000003,30349.750000000004,30373.000000000004,30615
2026-07-13T01:45:00+00:00,30373.000000000004,30373.500000000004,30297.120000000003,30320.750000000004,29087
2026-07-13T02:00:00+00:00,30320.750000000004,30331.620000000003,30287.570000000003,30311.620000000003,23071
2026-07-13T02:15:00+00:00,30311.620000000003,30368.620000000003,30304.870000000003,30357.750000000004,18440
2026-07-13T02:30:00+00:00,30357.750000000004,30359.870000000003,30306.500000000004,30325.370000000003,18942
2026-07-13T02:45:00+00:00,30325.370000000003,30333.000000000004,30274.870000000003,30276.370000000003,13581
2026-07-13T03:00:00+00:00,30276.370000000003,30281.870000000003,30245.000000000004,30254.870000000003,14186
2026-07-13T03:15:00+00:00,30254.870000000003,30277.500000000004,30242.500000000004,30269.500000000004,12116
2026-07-13T03:30:00+00:00,30269.500000000004,30287.500000000004,30243.870000000003,30257.250000000004,16712
2026-07-13T03:45:00+00:00,30257.250000000004,30284.870000000003,30243.250000000004,30248.250000000004,12974
2026-07-13T04:00:00+00:00,30248.250000000004,30249.750000000004,30209.750000000004,30227.250000000004,14562
2026-07-13T04:15:00+00:00,30227.250000000004,30237.370000000003,30198.500000000004,30211.620000000003,13508
2026-07-13T04:30:00+00:00,30211.620000000003,30216.370000000003,30182.250000000004,30187.120000000003,10106
2026-07-13T04:45:00+00:00,30187.120000000003,30196.370000000003,30173.120000000003,30186.870000000003,8969
2026-07-13T05:00:00+00:00,30186.870000000003,30253.250000000004,30166.620000000003,30248.250000000004,20604
2026-07-13T05:15:00+00:00,30248.250000000004,30249.000000000004,30137.370000000003,30145.000000000004,18883
2026-07-13T05:30:00+00:00,30145.000000000004,30230.120000000003,30103.320000000003,30196.500000000004,24579
2026-07-13T05:45:00+00:00,30196.500000000004,30226.250000000004,30174.250000000004,30209.500000000004,21050
2026-07-13T06:00:00+00:00,30209.500000000004,30225.620000000003,30145.500000000004,30152.120000000003,23168
2026-07-13T06:15:00+00:00,30152.120000000003,30195.250000000004,30148.000000000004,30190.250000000004,21056
2026-07-13T06:30:00+00:00,30190.250000000004,30210.370000000003,30158.000000000004,30202.370000000003,14712
2026-07-13T06:45:00+00:00,30202.370000000003,30211.370000000003,30171.250000000004,30190.620000000003,13153
2026-07-13T07:00:00+00:00,30190.620000000003,30234.870000000003,30166.870000000003,30230.750000000004,23280
2026-07-13T07:15:00+00:00,30230.750000000004,30249.750000000004,30202.250000000004,30231.870000000003,14029
2026-07-13T07:30:00+00:00,30231.870000000003,30232.000000000004,30196.120000000003,30220.500000000004,11990
2026-07-13T07:45:00+00:00,30220.500000000004,30222.870000000003,30197.120000000003,30213.370000000003,11924
2026-07-13T08:00:00+00:00,30213.370000000003,30266.750000000004,30207.120000000003,30265.370000000003,20989
2026-07-13T08:15:00+00:00,30265.370000000003,30301.000000000004,30264.750000000004,30285.370000000003,13728
2026-07-13T08:30:00+00:00,30285.370000000003,30294.870000000003,30260.370000000003,30288.120000000003,11183
2026-07-13T08:45:00+00:00,30288.120000000003,30313.620000000003,30281.870000000003,30306.870000000003,9565
2026-07-13T09:00:00+00:00,30306.870000000003,30311.120000000003,30277.320000000003,30293.000000000004,9988
2026-07-13T09:15:00+00:00,30293.000000000004,30326.120000000003,30289.000000000004,30320.870000000003,8906
2026-07-13T09:30:00+00:00,30320.870000000003,30336.500000000004,30313.750000000004,30333.250000000004,7917
2026-07-13T09:45:00+00:00,30333.250000000004,30334.000000000004,30311.750000000004,30330.870000000003,7765
2026-07-13T10:00:00+00:00,30330.870000000003,30337.870000000003,30298.870000000003,30307.000000000004,8927
2026-07-13T10:15:00+00:00,30307.000000000004,30325.500000000004,30298.620000000003,30301.250000000004,8310
2026-07-13T10:30:00+00:00,30301.250000000004,30316.620000000003,30296.620000000003,30298.250000000004,8898
2026-07-13T10:45:00+00:00,30298.250000000004,30323.750000000004,30295.870000000003,30316.250000000004,9383
2026-07-13T11:00:00+00:00,30316.250000000004,30359.370000000003,30310.870000000003,30328.250000000004,18383
2026-07-13T11:15:00+00:00,30328.250000000004,30342.750000000004,30301.620000000003,30333.870000000003,12667
2026-07-13T11:30:00+00:00,30333.870000000003,30353.370000000003,30324.750000000004,30327.250000000004,13129
2026-07-13T11:45:00+00:00,30327.250000000004,30328.250000000004,30289.500000000004,30300.750000000004,14036
2026-07-13T12:00:00+00:00,30300.750000000004,30317.870000000003,30251.570000000003,30289.250000000004,21369
2026-07-13T12:15:00+00:00,30289.250000000004,30296.120000000003,30242.620000000003,30244.870000000003,17633
2026-07-13T12:30:00+00:00,30244.870000000003,30254.250000000004,30216.000000000004,30249.120000000003,15874
2026-07-13T12:45:00+00:00,30249.120000000003,30284.500000000004,30246.620000000003,30278.620000000003,17069
2026-07-13T13:00:00+00:00,30278.620000000003,30307.750000000004,30270.620000000003,30279.000000000004,21154
2026-07-13T13:15:00+00:00,30279.000000000004,30281.250000000004,30243.370000000003,30270.250000000004,22834
2026-07-13T13:30:00+00:00,30270.250000000004,30297.270000000004,30113.020000000004,30156.400000000005,171429
2026-07-13T13:45:00+00:00,30156.400000000005,30199.770000000004,30078.400000000005,30191.150000000005,157587
2026-07-13T14:00:00+00:00,30191.150000000005,30223.270000000004,30121.270000000004,30210.770000000004,127340
2026-07-13T14:15:00+00:00,30210.770000000004,30263.020000000004,30049.150000000005,30262.020000000004,128188
2026-07-13T14:30:00+00:00,30262.020000000004,30284.270000000004,30184.400000000005,30197.770000000004,92280
2026-07-13T14:45:00+00:00,30197.770000000004,30281.020000000004,30163.900000000005,30277.900000000005,83448
2026-07-13T15:00:00+00:00,30277.900000000005,30312.520000000004,30231.520000000004,30242.020000000004,72860
2026-07-13T15:15:00+00:00,30242.020000000004,30289.650000000005,30222.650000000005,30268.770000000004,65724
2026-07-13T15:30:00+00:00,30268.770000000004,30281.770000000004,30209.400000000005,30214.650000000005,55570
2026-07-13T15:45:00+00:00,30214.650000000005,30217.020000000004,30157.150000000005,30171.770000000004,48808
2026-07-13T16:00:00+00:00,30171.770000000004,30198.900000000005,30144.270000000004,30173.900000000005,46927
2026-07-13T16:15:00+00:00,30173.900000000005,30175.900000000005,30095.900000000005,30118.520000000004,47292
2026-07-13T16:30:00+00:00,30118.520000000004,30118.650000000005,30020.900000000005,30097.150000000005,71292
2026-07-13T16:45:00+00:00,30097.150000000005,30116.270000000004,30023.770000000004,30086.520000000004,64804
2026-07-13T17:00:00+00:00,30086.520000000004,30140.900000000005,30077.270000000004,30101.150000000005,49575
2026-07-13T17:15:00+00:00,30101.150000000005,30112.520000000004,30058.520000000004,30078.400000000005,45159
2026-07-13T17:30:00+00:00,30078.400000000005,30093.770000000004,30045.650000000005,30073.400000000005,40436
2026-07-13T17:45:00+00:00,30073.400000000005,30086.650000000005,30028.520000000004,30039.900000000005,40666
2026-07-13T18:00:00+00:00,30039.900000000005,30099.650000000005,30036.650000000005,30075.900000000005,46864
2026-07-13T18:15:00+00:00,30075.900000000005,30081.900000000005,30027.900000000005,30034.900000000005,40236
2026-07-13T18:30:00+00:00,30034.900000000005,30077.270000000004,30015.020000000004,30061.650000000005,39500
2026-07-13T18:45:00+00:00,30061.650000000005,30081.770000000004,30044.020000000004,30053.270000000004,37427
2026-07-13T19:00:00+00:00,30053.270000000004,30085.150000000005,30011.900000000005,30024.400000000005,39478
2026-07-13T19:15:00+00:00,30024.400000000005,30028.650000000005,29966.070000000003,29979.520000000004,41001
2026-07-13T19:30:00+00:00,29979.520000000004,30016.020000000004,29953.820000000003,30011.150000000005,47270
2026-07-13T19:45:00+00:00,30011.150000000005,30064.770000000004,29994.770000000004,30026.770000000004,50430
2026-07-13T20:00:00+00:00,30026.770000000004,30033.750000000004,29996.500000000004,30014.000000000004,21499
2026-07-13T20:15:00+00:00,30014.000000000004,30015.000000000004,29946.500000000004,29996.750000000004,11943
2026-07-13T20:30:00+00:00,29996.750000000004,29999.750000000004,29984.370000000003,29994.500000000004,5724
2026-07-13T20:45:00+00:00,29994.500000000004,30004.120000000003,29979.500000000004,29989.820000000003,5758
2026-07-13T22:00:00+00:00,29989.820000000003,30045.090000000004,29989.820000000003,30018.340000000004,10646
2026-07-13T22:15:00+00:00,30018.340000000004,30033.470000000005,29998.090000000004,29999.590000000004,4976
2026-07-13T22:30:00+00:00,29999.590000000004,30009.090000000004,29992.540000000005,30007.590000000004,4413
2026-07-13T22:45:00+00:00,30007.590000000004,30024.970000000005,29959.970000000005,29964.970000000005,6668
2026-07-13T23:00:00+00:00,29964.970000000005,29969.720000000005,29933.040000000005,29946.470000000005,7868
2026-07-13T23:15:00+00:00,29946.470000000005,29964.970000000005,29927.470000000005,29933.090000000004,5144
2026-07-13T23:30:00+00:00,29933.090000000004,29943.590000000004,29893.790000000005,29898.840000000004,7598
2026-07-13T23:45:00+00:00,29898.840000000004,29989.340000000004,29893.220000000005,29986.840000000004,19966
2026-07-14T00:00:00+00:00,29986.840000000004,30033.840000000004,29891.790000000005,30028.720000000005,54469
2026-07-14T00:15:00+00:00,30028.720000000005,30040.970000000005,29935.290000000005,29984.840000000004,47917
2026-07-14T00:30:00+00:00,29984.840000000004,30054.090000000004,29964.970000000005,29983.840000000004,40715
2026-07-14T00:45:00+00:00,29983.840000000004,30100.090000000004,29977.540000000005,30087.590000000004,30746
2026-07-14T01:00:00+00:00,30087.590000000004,30106.590000000004,30046.290000000005,30054.840000000004,29859
2026-07-14T01:15:00+00:00,30054.840000000004,30093.470000000005,30046.290000000005,30070.040000000005,27652
2026-07-14T01:30:00+00:00,30070.040000000005,30080.970000000005,30006.720000000005,30039.340000000004,33081
2026-07-14T01:45:00+00:00,30039.340000000004,30069.590000000004,30002.720000000005,30013.340000000004,27645
2026-07-14T02:00:00+00:00,30013.340000000004,30054.590000000004,29989.590000000004,29990.090000000004,27742
2026-07-14T02:15:00+00:00,29990.090000000004,30001.470000000005,29938.970000000005,29966.840000000004,26307
2026-07-14T02:30:00+00:00,29966.840000000004,30021.340000000004,29931.720000000005,30010.590000000004,27197
2026-07-14T02:45:00+00:00,30010.590000000004,30018.470000000005,29949.220000000005,29953.720000000005,20072
2026-07-14T03:00:00+00:00,29953.720000000005,29957.590000000004,29894.090000000004,29901.590000000004,19871
2026-07-14T03:15:00+00:00,29901.590000000004,29943.470000000005,29869.220000000005,29942.720000000005,20591
2026-07-14T03:30:00+00:00,29942.720000000005,29971.090000000004,29899.970000000005,29925.090000000004,30587
2026-07-14T03:45:00+00:00,29925.090000000004,29993.970000000005,29919.340000000004,29990.340000000004,24307
2026-07-14T04:00:00+00:00,29990.340000000004,30011.090000000004,29937.470000000005,29957.340000000004,18643
2026-07-14T04:15:00+00:00,29957.340000000004,30019.470000000005,29946.090000000004,30015.220000000005,18035
2026-07-14T04:30:00+00:00,30015.220000000005,30053.340000000004,30008.220000000005,30040.590000000004,17612
2026-07-14T04:45:00+00:00,30040.590000000004,30082.090000000004,30037.970000000005,30075.090000000004,14297
2026-07-14T05:00:00+00:00,30075.090000000004,30114.220000000005,30054.720000000005,30111.220000000005,16568
2026-07-14T05:15:00+00:00,30111.220000000005,30175.470000000005,30100.590000000004,30170.090000000004,15828
2026-07-14T05:30:00+00:00,30170.090000000004,30197.220000000005,30143.220000000005,30160.590000000004,17492
2026-07-14T05:45:00+00:00,30160.590000000004,30171.090000000004,30148.340000000004,30158.340000000004,17228
2026-07-14T06:00:00+00:00,30158.340000000004,30199.970000000005,30152.290000000005,30195.090000000004,16102
2026-07-14T06:15:00+00:00,30195.090000000004,30214.840000000004,30161.290000000005,30171.220000000005,13602
2026-07-14T06:30:00+00:00,30171.220000000005,30199.970000000005,30158.970000000005,30163.470000000005,13119
2026-07-14T06:45:00+00:00,30163.470000000005,30163.720000000005,30128.720000000005,30129.340000000004,11797
2026-07-14T07:00:00+00:00,30129.340000000004,30168.590000000004,30111.470000000005,30165.720000000005,20995
2026-07-14T07:15:00+00:00,30165.720000000005,30186.840000000004,30142.340000000004,30173.090000000004,21021
2026-07-14T07:30:00+00:00,30173.090000000004,30174.090000000004,30133.090000000004,30141.540000000005,22224
2026-07-14T07:45:00+00:00,30141.540000000005,30174.840000000004,30122.220000000005,30139.090000000004,22414
2026-07-14T08:00:00+00:00,30139.090000000004,30167.220000000005,30113.470000000005,30146.470000000005,29020
2026-07-14T08:15:00+00:00,30146.470000000005,30196.590000000004,30146.340000000004,30184.470000000005,23066
2026-07-14T08:30:00+00:00,30184.470000000005,30201.470000000005,30172.590000000004,30180.090000000004,16080
2026-07-14T08:45:00+00:00,30180.090000000004,30180.340000000004,30136.220000000005,30137.970000000005,16922
2026-07-14T09:00:00+00:00,30137.970000000005,30191.340000000004,30123.720000000005,30190.090000000004,17373
2026-07-14T09:15:00+00:00,30190.090000000004,30194.720000000005,30137.470000000005,30139.840000000004,13986
2026-07-14T09:30:00+00:00,30139.840000000004,30176.090000000004,30139.340000000004,30165.220000000005,12161
2026-07-14T09:45:00+00:00,30165.220000000005,30188.720000000005,30162.090000000004,30167.840000000004,13313
2026-07-14T10:00:00+00:00,30167.840000000004,30186.470000000005,30159.590000000004,30171.340000000004,11228
2026-07-14T10:15:00+00:00,30171.340000000004,30173.970000000005,30151.090000000004,30162.090000000004,11057
2026-07-14T10:30:00+00:00,30162.090000000004,30198.340000000004,30143.840000000004,30169.720000000005,17454
2026-07-14T10:45:00+00:00,30169.720000000005,30185.970000000005,30154.220000000005,30172.340000000004,11933
2026-07-14T11:00:00+00:00,30172.340000000004,30187.340000000004,30120.340000000004,30172.590000000004,29565
2026-07-14T11:15:00+00:00,30172.590000000004,30235.970000000005,30169.720000000005,30206.720000000005,29099
2026-07-14T11:30:00+00:00,30206.720000000005,30233.840000000004,30179.720000000005,30186.340000000004,22335
2026-07-14T11:45:00+00:00,30186.340000000004,30223.340000000004,30182.840000000004,30198.840000000004,17436
2026-07-14T12:00:00+00:00,30198.840000000004,30203.220000000005,30134.290000000005,30156.090000000004,20787
2026-07-14T12:15:00+00:00,30156.090000000004,30257.290000000005,30142.590000000004,30248.040000000005,22544
2026-07-14T12:30:00+00:00,30248.040000000005,30486.720000000005,30236.290000000005,30387.590000000004,57053
2026-07-14T12:45:00+00:00,30387.590000000004,30403.720000000005,30319.470000000005,30338.590000000004,33150
2026-07-14T13:00:00+00:00,30338.590000000004,30373.840000000004,30330.340000000004,30347.470000000005,33750
2026-07-14T13:15:00+00:00,30347.470000000005,30397.470000000005,30308.220000000005,30376.840000000004,33290
2026-07-14T13:30:00+00:00,30376.840000000004,30381.49,30251.120000000003,30318.99,163252
2026-07-14T13:45:00+00:00,30318.99,30374.370000000003,30280.620000000003,30346.870000000003,136007
2026-07-14T14:00:00+00:00,30346.870000000003,30370.74,30203.370000000003,30230.120000000003,120050
2026-07-14T14:15:00+00:00,30230.120000000003,30298.99,30133.620000000003,30249.620000000003,127126
2026-07-14T14:30:00+00:00,30249.620000000003,30402.49,30224.540000000005,30294.370000000003,108239
2026-07-14T14:45:00+00:00,30294.370000000003,30349.99,30225.290000000005,30339.99,90287
2026-07-14T15:00:00+00:00,30339.99,30431.620000000003,30319.620000000003,30413.99,77962
2026-07-14T15:15:00+00:00,30413.99,30455.120000000003,30391.49,30450.870000000003,54442
2026-07-14T15:30:00+00:00,30450.870000000003,30461.74,30364.99,30401.24,63047
2026-07-14T15:45:00+00:00,30401.24,30417.620000000003,30326.370000000003,30351.870000000003,63947
2026-07-14T16:00:00+00:00,30351.870000000003,30357.620000000003,30277.040000000005,30304.74,60746
2026-07-14T16:15:00+00:00,30304.74,30349.870000000003,30270.620000000003,30344.74,33604
2026-07-14T16:30:00+00:00,30344.74,30390.120000000003,30318.120000000003,30375.24,42498
2026-07-14T16:45:00+00:00,30375.24,30395.74,30349.620000000003,30392.49,33345
2026-07-14T17:00:00+00:00,30392.49,30416.74,30380.74,30387.99,27717
2026-07-14T17:15:00+00:00,30387.99,30432.370000000003,30373.290000000005,30415.74,26939
2026-07-14T17:30:00+00:00,30415.74,30427.74,30384.870000000003,30412.120000000003,24858
2026-07-14T17:45:00+00:00,30412.120000000003,30431.24,30395.24,30429.24,21460
2026-07-14T18:00:00+00:00,30429.24,30436.99,30408.74,30435.120000000003,21344
2026-07-14T18:15:00+00:00,30435.120000000003,30443.620000000003,30413.620000000003,30419.620000000003,20530
2026-07-14T18:30:00+00:00,30419.620000000003,30435.49,30376.540000000005,30391.120000000003,30094
2026-07-14T18:45:00+00:00,30391.120000000003,30409.24,30379.370000000003,30390.370000000003,26178
2026-07-14T19:00:00+00:00,30390.370000000003,30398.49,30346.24,30381.620000000003,29105
2026-07-14T19:15:00+00:00,30381.620000000003,30403.870000000003,30362.620000000003,30363.620000000003,24493
2026-07-14T19:30:00+00:00,30363.620000000003,30382.49,30336.99,30377.120000000003,37835
2026-07-14T19:45:00+00:00,30377.120000000003,30401.74,30345.120000000003,30353.24,42119
2026-07-14T20:00:00+00:00,30353.24,30374.590000000004,30338.340000000004,30353.340000000004,16859
2026-07-14T20:15:00+00:00,30353.340000000004,30357.720000000005,30333.470000000005,30340.720000000005,7278
2026-07-14T20:30:00+00:00,30340.720000000005,30364.970000000005,30337.970000000005,30362.090000000004,5385
2026-07-14T20:45:00+00:00,30362.090000000004,30367.090000000004,30351.220000000005,30359.540000000005,5024
2026-07-14T22:00:00+00:00,30359.540000000005,30375.150000000005,30314.650000000005,30323.700000000004,7241
2026-07-14T22:15:00+00:00,30323.700000000004,30365.58,30321.400000000005,30355.450000000004,5959
2026-07-14T22:30:00+00:00,30355.450000000004,30365.08,30344.400000000005,30347.950000000004,3175
2026-07-14T22:45:00+00:00,30347.950000000004,30352.08,30333.450000000004,30342.58,3611
2026-07-14T23:00:00+00:00,30342.58,30367.700000000004,30327.150000000005,30364.33,4024
2026-07-14T23:15:00+00:00,30364.33,30438.83,30354.650000000005,30435.900000000005,6330
2026-07-14T23:30:00+00:00,30435.900000000005,30450.200000000004,30416.83,30418.58,6588
2026-07-14T23:45:00+00:00,30418.58,30468.700000000004,30412.400000000005,30457.08,11280
2026-07-15T00:00:00+00:00,30457.08,30472.08,30406.400000000005,30460.33,22510
2026-07-15T00:15:00+00:00,30460.33,30501.400000000005,30451.700000000004,30487.950000000004,17689
2026-07-15T00:30:00+00:00,30487.950000000004,30496.950000000004,30410.33,30427.33,15777
2026-07-15T00:45:00+00:00,30427.33,30498.450000000004,30417.58,30487.200000000004,17080
2026-07-15T01:00:00+00:00,30487.200000000004,30496.83,30429.450000000004,30454.33,19649
2026-07-15T01:15:00+00:00,30454.33,30510.08,30452.150000000005,30492.33,17677
2026-07-15T01:30:00+00:00,30492.33,30512.33,30459.900000000005,30463.33,21182
2026-07-15T01:45:00+00:00,30463.33,30527.58,30461.200000000004,30525.450000000004,15732
2026-07-15T02:00:00+00:00,30525.450000000004,30549.83,30518.200000000004,30535.33,11986
2026-07-15T02:15:00+00:00,30535.33,30550.450000000004,30527.950000000004,30538.58,9770
2026-07-15T02:30:00+00:00,30538.58,30554.58,30535.08,30552.33,9134
2026-07-15T02:45:00+00:00,30552.33,30556.08,30528.450000000004,30529.33,7540
2026-07-15T03:00:00+00:00,30529.33,30536.700000000004,30516.200000000004,30528.450000000004,10092
2026-07-15T03:15:00+00:00,30528.450000000004,30553.83,30524.08,30547.83,8276
2026-07-15T03:30:00+00:00,30547.83,30570.58,30546.450000000004,30556.08,7040
2026-07-15T03:45:00+00:00,30556.08,30587.83,30555.950000000004,30581.33,7389
2026-07-15T04:00:00+00:00,30581.33,30585.33,30564.83,30569.58,7825
2026-07-15T04:15:00+00:00,30569.58,30581.83,30558.150000000005,30559.08,7721
2026-07-15T04:30:00+00:00,30559.08,30580.200000000004,30552.08,30574.200000000004,7449
2026-07-15T04:45:00+00:00,30574.200000000004,30591.700000000004,30572.650000000005,30590.700000000004,6739
2026-07-15T05:00:00+00:00,30590.700000000004,30627.450000000004,30561.950000000004,30568.58,20548
2026-07-15T05:15:00+00:00,30568.58,30594.08,30545.33,30550.33,13758
2026-07-15T05:30:00+00:00,30550.33,30578.33,30536.83,30560.700000000004,14645
2026-07-15T05:45:00+00:00,30560.700000000004,30600.200000000004,30552.950000000004,30600.200000000004,10750
2026-07-15T06:00:00+00:00,30600.200000000004,30618.58,30596.950000000004,30611.33,12079
2026-07-15T06:15:00+00:00,30611.33,30613.700000000004,30592.33,30609.83,10063
2026-07-15T06:30:00+00:00,30609.83,30614.08,30578.58,30587.58,10061
2026-07-15T06:45:00+00:00,30587.58,30605.400000000005,30581.900000000005,30599.83,9055
2026-07-15T07:00:00+00:00,30599.83,30631.33,30576.950000000004,30604.450000000004,15123
2026-07-15T07:15:00+00:00,30604.450000000004,30605.08,30497.450000000004,30536.33,13931
2026-07-15T07:30:00+00:00,30536.33,30558.200000000004,30514.58,30547.200000000004,14058
2026-07-15T07:45:00+00:00,30547.200000000004,30573.83,30539.950000000004,30565.33,10960
2026-07-15T08:00:00+00:00,30565.33,30567.700000000004,30477.900000000005,30486.58,16474
2026-07-15T08:15:00+00:00,30486.58,30494.58,30440.700000000004,30482.450000000004,17557
2026-07-15T08:30:00+00:00,30482.450000000004,30494.83,30466.700000000004,30494.83,13488
2026-07-15T08:45:00+00:00,30494.83,30512.200000000004,30481.400000000005,30505.950000000004,11726
2026-07-15T09:00:00+00:00,30505.950000000004,30527.33,30505.450000000004,30521.33,10486
2026-07-15T09:15:00+00:00,30521.33,30532.200000000004,30512.450000000004,30518.08,9165
2026-07-15T09:30:00+00:00,30518.08,30528.08,30497.200000000004,30519.700000000004,10355
2026-07-15T09:45:00+00:00,30519.700000000004,30521.33,30483.400000000005,30492.950000000004,10320
2026-07-15T10:00:00+00:00,30492.950000000004,30512.700000000004,30484.650000000005,30511.450000000004,9334
2026-07-15T10:15:00+00:00,30511.450000000004,30516.200000000004,30455.150000000005,30465.58,13886
2026-07-15T10:30:00+00:00,30465.58,30489.950000000004,30458.33,30472.450000000004,10822
2026-07-15T10:45:00+00:00,30472.450000000004,30502.33,30468.950000000004,30495.700000000004,9024
2026-07-15T11:00:00+00:00,30495.700000000004,30522.33,30488.58,30494.950000000004,15436
2026-07-15T11:15:00+00:00,30494.950000000004,30510.83,30484.58,30489.950000000004,11176
2026-07-15T11:30:00+00:00,30489.950000000004,30511.450000000004,30480.33,30497.450000000004,12282
2026-07-15T11:45:00+00:00,30497.450000000004,30498.450000000004,30474.08,30481.200000000004,12307
2026-07-15T12:00:00+00:00,30481.200000000004,30486.450000000004,30443.200000000004,30449.200000000004,14881
2026-07-15T12:15:00+00:00,30449.200000000004,30461.83,30425.08,30441.400000000005,15185
2026-07-15T12:30:00+00:00,30441.400000000005,30542.200000000004,30426.150000000005,30519.950000000004,27889
2026-07-15T12:45:00+00:00,30519.950000000004,30564.200000000004,30510.33,30549.33,17536
2026-07-15T13:00:00+00:00,30549.33,30568.08,30508.450000000004,30515.950000000004,19664
2026-07-15T13:15:00+00:00,30515.950000000004,30532.33,30505.33,30523.700000000004,19449
2026-07-15T13:30:00+00:00,30523.700000000004,30546.730000000003,30400.650000000005,30403.350000000002,132801
2026-07-15T13:45:00+00:00,30403.350000000002,30416.480000000003,30324.350000000002,30392.350000000002,119392
2026-07-15T14:00:00+00:00,30392.350000000002,30461.230000000003,30375.480000000003,30375.600000000002,104957
2026-07-15T14:15:00+00:00,30375.600000000002,30399.730000000003,30207.650000000005,30292.600000000002,129922
2026-07-15T14:30:00+00:00,30292.600000000002,30306.100000000002,30106.230000000003,30170.100000000002,128219
2026-07-15T14:45:00+00:00,30170.100000000002,30213.100000000002,30131.480000000003,30200.730000000003,107462
2026-07-15T15:00:00+00:00,30200.730000000003,30230.850000000002,30148.480000000003,30160.850000000002,91993
2026-07-15T15:15:00+00:00,30160.850000000002,30211.980000000003,30095.900000000005,30210.230000000003,86612
2026-07-15T15:30:00+00:00,30210.230000000003,30225.480000000003,30160.900000000005,30185.850000000002,67180
2026-07-15T15:45:00+00:00,30185.850000000002,30187.600000000002,30131.230000000003,30150.350000000002,68060
2026-07-15T16:00:00+00:00,30150.350000000002,30168.850000000002,30040.650000000005,30045.230000000003,71733
2026-07-15T16:15:00+00:00,30045.230000000003,30066.350000000002,30000.600000000002,30030.730000000003,67110
2026-07-15T16:30:00+00:00,30030.730000000003,30052.480000000003,29966.230000000003,30014.850000000002,61795
2026-07-15T16:45:00+00:00,30014.850000000002,30105.900000000005,30003.480000000003,30081.980000000003,62120
2026-07-15T17:00:00+00:00,30081.980000000003,30130.480000000003,30074.100000000002,30101.230000000003,40960
2026-07-15T17:15:00+00:00,30101.230000000003,30177.350000000002,30095.850000000002,30173.480000000003,36184
2026-07-15T17:30:00+00:00,30173.480000000003,30206.730000000003,30173.480000000003,30203.230000000003,34205
2026-07-15T17:45:00+00:00,30203.230000000003,30274.980000000003,30194.480000000003,30255.350000000002,34367
2026-07-15T18:00:00+00:00,30255.350000000002,30299.280000000006,30251.350000000002,30285.530000000006,28740.376721633955
2026-07-15T18:15:00+00:00,30285.530000000006,30312.280000000006,30254.530000000006,30294.160000000007,27900
2026-07-15T18:30:00+00:00,30294.160000000007,30304.410000000007,30227.660000000007,30232.160000000007,27055
2026-07-15T18:45:00+00:00,30232.160000000007,30235.160000000007,30164.660000000007,30182.160000000007,45784
2026-07-15T19:00:00+00:00,30182.160000000007,30238.410000000007,30174.410000000007,30213.660000000007,41146
2026-07-15T19:15:00+00:00,30213.660000000007,30218.660000000007,30158.910000000007,30212.410000000007,40533
2026-07-15T19:30:00+00:00,30212.410000000007,30265.160000000007,30178.030000000006,30253.160000000007,55505
2026-07-15T19:45:00+00:00,30253.160000000007,30276.160000000007,30218.030000000006,30270.280000000006,44980
2026-07-15T20:00:00+00:00,30270.280000000006,30306.260000000006,30230.08000000001,30271.13000000001,17201
2026-07-15T20:15:00+00:00,30271.13000000001,30289.38000000001,30265.38000000001,30288.010000000006,5924
2026-07-15T20:30:00+00:00,30288.010000000006,30288.38000000001,30269.58000000001,30285.260000000006,3636
2026-07-15T20:45:00+00:00,30285.260000000006,30289.260000000006,30270.83000000001,30277.83000000001,3725
2026-07-15T22:00:00+00:00,30277.83000000001,30322.250000000007,30269.450000000008,30302.000000000007,7379
2026-07-15T22:15:00+00:00,30302.000000000007,30303.250000000007,30283.88000000001,30290.63000000001,4490
2026-07-15T22:30:00+00:00,30290.63000000001,30298.000000000007,30257.450000000008,30258.88000000001,5954
2026-07-15T22:45:00+00:00,30258.88000000001,30296.750000000007,30249.700000000008,30290.450000000008,6583
2026-07-15T23:00:00+00:00,30290.450000000008,30309.750000000007,30284.38000000001,30293.750000000007,4675
2026-07-15T23:15:00+00:00,30293.750000000007,30298.000000000007,30269.700000000008,30290.700000000008,4416
2026-07-15T23:30:00+00:00,30290.700000000008,30306.88000000001,30274.38000000001,30294.750000000007,4080
2026-07-15T23:45:00+00:00,30294.750000000007,30301.13000000001,30255.450000000008,30264.750000000007,8372
2026-07-16T00:00:00+00:00,30264.750000000007,30330.500000000007,30256.950000000004,30328.630000000005,22391
2026-07-16T00:15:00+00:00,30328.630000000005,30336.250000000007,30236.750000000007,30243.630000000005,20484
2026-07-16T00:30:00+00:00,30243.630000000005,30269.500000000007,30200.750000000007,30200.750000000007,19890
2026-07-16T00:45:00+00:00,30200.750000000007,30250.880000000005,30196.130000000005,30225.500000000007,16165
2026-07-16T01:00:00+00:00,30225.500000000007,30240.950000000004,30189.750000000007,30199.880000000005,21565
2026-07-16T01:15:00+00:00,30199.880000000005,30203.750000000007,30175.630000000005,30178.880000000005,15732
2026-07-16T01:30:00+00:00,30178.880000000005,30219.630000000005,30168.380000000005,30188.500000000007,23201
2026-07-16T01:45:00+00:00,30188.500000000007,30260.130000000005,30186.250000000007,30223.630000000005,17604
2026-07-16T02:00:00+00:00,30223.630000000005,30226.380000000005,30194.380000000005,30213.250000000007,14148
2026-07-16T02:15:00+00:00,30213.250000000007,30279.380000000005,30208.130000000005,30270.250000000007,12534
2026-07-16T02:30:00+00:00,30270.250000000007,30280.250000000007,30246.630000000005,30252.380000000005,10814
2026-07-16T02:45:00+00:00,30252.380000000005,30309.000000000007,30249.500000000007,30301.250000000007,10625
2026-07-16T03:00:00+00:00,30301.250000000007,30325.250000000007,30295.130000000005,30323.130000000005,8833
2026-07-16T03:15:00+00:00,30323.130000000005,30324.880000000005,30284.380000000005,30290.130000000005,7445
2026-07-16T03:30:00+00:00,30290.130000000005,30320.250000000007,30287.630000000005,30294.630000000005,13838
2026-07-16T03:45:00+00:00,30294.630000000005,30317.380000000005,30281.130000000005,30317.380000000005,7648
2026-07-16T04:00:00+00:00,30317.380000000005,30329.380000000005,30296.750000000007,30328.630000000005,8004
2026-07-16T04:15:00+00:00,30328.630000000005,30328.750000000007,30283.880000000005,30290.500000000007,8257
2026-07-16T04:30:00+00:00,30290.500000000007,30294.750000000007,30271.380000000005,30277.630000000005,8018
2026-07-16T04:45:00+00:00,30277.630000000005,30290.500000000007,30272.250000000007,30282.000000000007,8006
2026-07-16T05:00:00+00:00,30282.000000000007,30321.250000000007,30271.250000000007,30321.000000000007,10793
2026-07-16T05:15:00+00:00,30321.000000000007,30349.130000000005,30313.250000000007,30340.130000000005,12664
2026-07-16T05:30:00+00:00,30340.130000000005,30369.880000000005,30241.130000000005,30277.000000000007,18936
2026-07-16T05:45:00+00:00,30277.000000000007,30284.750000000007,30252.380000000005,30260.750000000007,12948
2026-07-16T06:00:00+00:00,30260.750000000007,30311.700000000004,30220.500000000007,30303.880000000005,17841
2026-07-16T06:15:00+00:00,30303.880000000005,30321.700000000004,30257.500000000007,30259.700000000004,11788
2026-07-16T06:30:00+00:00,30259.700000000004,30270.380000000005,30215.950000000004,30247.500000000007,10415
2026-07-16T06:45:00+00:00,30247.500000000007,30267.500000000007,30232.950000000004,30258.630000000005,8134
2026-07-16T07:00:00+00:00,30258.630000000005,30258.630000000005,30194.880000000005,30195.250000000007,15515
2026-07-16T07:15:00+00:00,30195.250000000007,30222.500000000007,30186.000000000007,30196.630000000005,13677
2026-07-16T07:30:00+00:00,30196.630000000005,30203.130000000005,30143.630000000005,30144.380000000005,12110
2026-07-16T07:45:00+00:00,30144.380000000005,30157.130000000005,30122.250000000007,30136.500000000007,10370
2026-07-16T08:00:00+00:00,30136.500000000007,30145.750000000007,30062.630000000005,30065.000000000007,17464
2026-07-16T08:15:00+00:00,30065.000000000007,30128.000000000007,30052.000000000007,30112.500000000007,15582
2026-07-16T08:30:00+00:00,30112.500000000007,30150.500000000007,30102.630000000005,30123.630000000005,12008
2026-07-16T08:45:00+00:00,30123.630000000005,30168.630000000005,30123.380000000005,30165.380000000005,9866
2026-07-16T09:00:00+00:00,30165.380000000005,30208.130000000005,30165.380000000005,30199.130000000005,12021
2026-07-16T09:15:00+00:00,30199.130000000005,30218.380000000005,30185.130000000005,30187.750000000007,9356
2026-07-16T09:30:00+00:00,30187.750000000007,30205.630000000005,30158.250000000007,30158.250000000007,9784
2026-07-16T09:45:00+00:00,30158.250000000007,30158.880000000005,30101.880000000005,30104.630000000005,12073
2026-07-16T10:00:00+00:00,30104.630000000005,30135.250000000007,30088.700000000004,30123.880000000005,8936
2026-07-16T10:15:00+00:00,30123.880000000005,30124.630000000005,30085.630000000005,30112.250000000007,9480
2026-07-16T10:30:00+00:00,30112.250000000007,30128.630000000005,30084.380000000005,30095.000000000007,9982
2026-07-16T10:45:00+00:00,30095.000000000007,30111.630000000005,30077.000000000007,30103.750000000007,9923
2026-07-16T11:00:00+00:00,30103.750000000007,30104.750000000007,30034.250000000007,30060.500000000007,15005
2026-07-16T11:15:00+00:00,30060.500000000007,30074.880000000005,30021.130000000005,30045.750000000007,12010
2026-07-16T11:30:00+00:00,30045.750000000007,30046.000000000007,30004.380000000005,30012.500000000007,14669
2026-07-16T11:45:00+00:00,30012.500000000007,30029.500000000007,29934.950000000004,30020.500000000007,18897
2026-07-16T12:00:00+00:00,30020.500000000007,30031.630000000005,29967.000000000007,29996.750000000007,16242
2026-07-16T12:15:00+00:00,29996.750000000007,30013.250000000007,29953.000000000007,29979.700000000004,15232
2026-07-16T12:30:00+00:00,29979.700000000004,29993.130000000005,29940.380000000005,29948.880000000005,21645
2026-07-16T12:45:00+00:00,29948.880000000005,29988.130000000005,29937.630000000005,29966.250000000007,17390
2026-07-16T13:00:00+00:00,29966.250000000007,30031.380000000005,29963.000000000007,30024.750000000007,21217
2026-07-16T13:15:00+00:00,30024.750000000007,30061.630000000005,30017.130000000005,30036.750000000007,20580
2026-07-16T13:30:00+00:00,30036.750000000007,30103.030000000006,29883.400000000005,29887.530000000006,155601
2026-07-16T13:45:00+00:00,29887.530000000006,29930.030000000006,29834.150000000005,29920.450000000004,126789
2026-07-16T14:00:00+00:00,29920.450000000004,30068.900000000005,29895.200000000004,30042.650000000005,109939
2026-07-16T14:15:00+00:00,30042.650000000005,30074.150000000005,29972.400000000005,30056.780000000006,106189
2026-07-16T14:30:00+00:00,30056.780000000006,30076.030000000006,30000.400000000005,30038.530000000006,82787
2026-07-16T14:45:00+00:00,30038.530000000006,30050.530000000006,29937.780000000006,30008.900000000005,89235
2026-07-16T15:00:00+00:00,30008.900000000005,30032.030000000006,29910.780000000006,29933.030000000006,73198
2026-07-16T15:15:00+00:00,29933.030000000006,30025.150000000005,29911.280000000006,29980.650000000005,71680
2026-07-16T15:30:00+00:00,29980.650000000005,30039.900000000005,29944.530000000006,29971.150000000005,59182
2026-07-16T15:45:00+00:00,29971.150000000005,30008.530000000006,29929.400000000005,29965.530000000006,56298
2026-07-16T16:00:00+00:00,29965.530000000006,29969.150000000005,29864.400000000005,29867.280000000006,60283
2026-07-16T16:15:00+00:00,29867.280000000006,29887.780000000006,29835.950000000004,29873.900000000005,61905
2026-07-16T16:30:00+00:00,29873.900000000005,29912.900000000005,29860.530000000006,29867.280000000006,53471
2026-07-16T16:45:00+00:00,29867.280000000006,29925.900000000005,29845.150000000005,29912.400000000005,51562
2026-07-16T17:00:00+00:00,29912.400000000005,29915.900000000005,29859.030000000006,29862.280000000006,44335
2026-07-16T17:15:00+00:00,29862.280000000006,29916.280000000006,29849.530000000006,29907.530000000006,41060
2026-07-16T17:30:00+00:00,29907.530000000006,29918.400000000005,29805.900000000005,29817.650000000005,44819
2026-07-16T17:45:00+00:00,29817.650000000005,29842.780000000006,29794.030000000006,29817.280000000006,39479
2026-07-16T18:00:00+00:00,29817.280000000006,29851.400000000005,29799.030000000006,29808.150000000005,54126
2026-07-16T18:15:00+00:00,29808.150000000005,29878.030000000006,29791.700000000004,29843.650000000005,53206
2026-07-16T18:30:00+00:00,29843.650000000005,29843.650000000005,29773.400000000005,29812.150000000005,47791
2026-07-16T18:45:00+00:00,29812.150000000005,29827.280000000006,29774.650000000005,29784.780000000006,35208
2026-07-16T19:00:00+00:00,29784.780000000006,29816.280000000006,29750.400000000005,29757.150000000005,46667
2026-07-16T19:15:00+00:00,29757.150000000005,29759.650000000005,29694.280000000006,29722.530000000006,48143
2026-07-16T19:30:00+00:00,29722.530000000006,29743.780000000006,29693.150000000005,29695.650000000005,51470
2026-07-16T19:45:00+00:00,29695.650000000005,29807.400000000005,29653.530000000006,29790.900000000005,62476
2026-07-16T20:00:00+00:00,29790.900000000005,29803.200000000004,29740.250000000007,29741.750000000007,22422
2026-07-16T20:15:00+00:00,29741.750000000007,29773.250000000007,29736.130000000005,29754.380000000005,11089
2026-07-16T20:30:00+00:00,29754.380000000005,29763.380000000005,29737.880000000005,29747.630000000005,7778
2026-07-16T20:45:00+00:00,29747.630000000005,29757.000000000007,29741.630000000005,29751.820000000007,6235
2026-07-16T22:00:00+00:00,29751.820000000007,29798.010000000006,29751.820000000007,29764.460000000006,7130
2026-07-16T22:15:00+00:00,29764.460000000006,29766.210000000006,29716.960000000006,29719.010000000006,4793
2026-07-16T22:30:00+00:00,29719.010000000006,29738.640000000007,29711.510000000006,29728.390000000007,4422
2026-07-16T22:45:00+00:00,29728.390000000007,29730.890000000007,29695.760000000006,29715.390000000007,6565
2026-07-16T23:00:00+00:00,29715.390000000007,29723.890000000007,29687.760000000006,29710.460000000006,6269
2026-07-16T23:15:00+00:00,29710.460000000006,29712.210000000006,29656.140000000007,29672.140000000007,6447
2026-07-16T23:30:00+00:00,29672.140000000007,29708.510000000006,29640.510000000006,29688.210000000006,7916
2026-07-16T23:45:00+00:00,29688.210000000006,29698.460000000006,29663.460000000006,29675.010000000006,14004
2026-07-17T00:00:00+00:00,29675.010000000006,29704.010000000006,29611.890000000007,29622.510000000006,23813
2026-07-17T00:15:00+00:00,29622.510000000006,29656.140000000007,29592.010000000006,29598.260000000006,24127
2026-07-17T00:30:00+00:00,29598.260000000006,29609.890000000007,29575.390000000007,29604.890000000007,16876
2026-07-17T00:45:00+00:00,29604.890000000007,29662.010000000006,29598.140000000007,29636.890000000007,19026
2026-07-17T01:00:00+00:00,29636.890000000007,29685.390000000007,29604.760000000006,29609.210000000006,16923
2026-07-17T01:15:00+00:00,29609.210000000006,29625.510000000006,29591.460000000006,29619.890000000007,13245
2026-07-17T01:30:00+00:00,29619.890000000007,29622.260000000006,29544.890000000007,29553.640000000007,17888
2026-07-17T01:45:00+00:00,29553.640000000007,29570.260000000006,29525.760000000006,29551.140000000007,17475
2026-07-17T02:00:00+00:00,29551.140000000007,29565.390000000007,29529.390000000007,29537.890000000007,14578
2026-07-17T02:15:00+00:00,29537.890000000007,29541.010000000006,29497.510000000006,29508.510000000006,11178
2026-07-17T02:30:00+00:00,29508.510000000006,29518.010000000006,29483.890000000007,29514.010000000006,12291
2026-07-17T02:45:00+00:00,29514.010000000006,29517.890000000007,29482.710000000006,29504.010000000006,11433
2026-07-17T03:00:00+00:00,29504.010000000006,29540.010000000006,29495.890000000007,29534.510000000006,12314
2026-07-17T03:15:00+00:00,29534.510000000006,29605.510000000006,29534.260000000006,29594.510000000006,12126
2026-07-17T03:30:00+00:00,29594.510000000006,29596.260000000006,29524.010000000006,29536.010000000006,13752
2026-07-17T03:45:00+00:00,29536.010000000006,29539.640000000007,29490.510000000006,29491.260000000006,11825
2026-07-17T04:00:00+00:00,29491.260000000006,29492.010000000006,29423.760000000006,29429.760000000006,15171
2026-07-17T04:15:00+00:00,29429.760000000006,29439.010000000006,29383.260000000006,29388.390000000007,12836
2026-07-17T04:30:00+00:00,29388.390000000007,29403.260000000006,29355.010000000006,29390.140000000007,18702
2026-07-17T04:45:00+00:00,29390.140000000007,29420.510000000006,29385.260000000006,29385.260000000006,16290
2026-07-17T05:00:00+00:00,29385.260000000006,29399.510000000006,29367.390000000007,29382.640000000007,17301
2026-07-17T05:15:00+00:00,29382.640000000007,29401.260000000006,29363.760000000006,29370.640000000007,16672
2026-07-17T05:30:00+00:00,29370.640000000007,29390.890000000007,29306.760000000006,29339.010000000006,20507
2026-07-17T05:45:00+00:00,29339.010000000006,29353.260000000006,29313.390000000007,29335.510000000006,17380
2026-07-17T06:00:00+00:00,29335.510000000006,29353.390000000007,29304.760000000006,29337.640000000007,18389
2026-07-17T06:15:00+00:00,29337.640000000007,29404.260000000006,29330.010000000006,29394.960000000006,14399
2026-07-17T06:30:00+00:00,29394.960000000006,29404.260000000006,29342.390000000007,29354.640000000007,14578
2026-07-17T06:45:00+00:00,29354.640000000007,29354.640000000007,29312.260000000006,29323.390000000007,14177
2026-07-17T07:00:00+00:00,29323.390000000007,29346.760000000006,29303.260000000006,29331.510000000006,23105
2026-07-17T07:15:00+00:00,29331.510000000006,29344.140000000007,29293.890000000007,29326.890000000007,17813
2026-07-17T07:30:00+00:00,29326.890000000007,29338.210000000006,29282.140000000007,29295.390000000007,16574
2026-07-17T07:45:00+00:00,29295.390000000007,29301.260000000006,29263.260000000006,29266.510000000006,18102
2026-07-17T08:00:00+00:00,29266.510000000006,29314.010000000006,29247.890000000007,29257.260000000006,27878
2026-07-17T08:15:00+00:00,29257.260000000006,29259.010000000006,29157.890000000007,29188.510000000006,27387
2026-07-17T08:30:00+00:00,29188.510000000006,29196.260000000006,29136.760000000006,29165.260000000006,18526
2026-07-17T08:45:00+00:00,29165.260000000006,29239.510000000006,29162.140000000007,29208.760000000006,18734
2026-07-17T09:00:00+00:00,29208.760000000006,29255.760000000006,29199.390000000007,29252.390000000007,18434
2026-07-17T09:15:00+00:00,29252.390000000007,29269.760000000006,29209.460000000006,29269.760000000006,15271
2026-07-17T09:30:00+00:00,29269.760000000006,29294.890000000007,29242.260000000006,29265.510000000006,14100
2026-07-17T09:45:00+00:00,29265.510000000006,29307.010000000006,29264.640000000007,29290.760000000006,15957
2026-07-17T10:00:00+00:00,29290.760000000006,29350.890000000007,29272.710000000006,29347.260000000006,18596
2026-07-17T10:15:00+00:00,29347.260000000006,29366.640000000007,29304.640000000007,29353.890000000007,15830
2026-07-17T10:30:00+00:00,29353.890000000007,29404.510000000006,29343.760000000006,29380.510000000006,13989
2026-07-17T10:45:00+00:00,29380.510000000006,29394.640000000007,29357.260000000006,29363.890000000007,13499
2026-07-17T11:00:00+00:00,29363.890000000007,29387.640000000007,29329.890000000007,29338.140000000007,17383
2026-07-17T11:15:00+00:00,29338.140000000007,29347.510000000006,29308.890000000007,29340.890000000007,15128
2026-07-17T11:30:00+00:00,29340.890000000007,29344.140000000007,29298.640000000007,29308.760000000006,15508
2026-07-17T11:45:00+00:00,29308.760000000006,29340.140000000007,29298.510000000006,29320.010000000006,15064
2026-07-17T12:00:00+00:00,29320.010000000006,29325.010000000006,29255.640000000007,29263.760000000006,18548
2026-07-17T12:15:00+00:00,29263.760000000006,29275.760000000006,29242.390000000007,29255.390000000007,16015
2026-07-17T12:30:00+00:00,29255.390000000007,29261.640000000007,29231.260000000006,29254.510000000006,17775
2026-07-17T12:45:00+00:00,29254.510000000006,29270.140000000007,29226.890000000007,29244.760000000006,18059
2026-07-17T13:00:00+00:00,29244.760000000006,29245.260000000006,29199.510000000006,29202.010000000006,23632
2026-07-17T13:15:00+00:00,29202.010000000006,29225.890000000007,29161.510000000006,29186.260000000006,32080
2026-07-17T13:30:00+00:00,29186.260000000006,29264.410000000007,28988.540000000005,29000.040000000005,162997
2026-07-17T13:45:00+00:00,29000.040000000005,29259.410000000007,28991.910000000007,29254.960000000006,134994
2026-07-17T14:00:00+00:00,29254.960000000006,29441.410000000007,29245.710000000006,29382.660000000007,137427
2026-07-17T14:15:00+00:00,29382.660000000007,29467.160000000007,29360.410000000007,29411.790000000005,130049
2026-07-17T14:30:00+00:00,29411.790000000005,29474.540000000005,29342.160000000007,29404.410000000007,117576
2026-07-17T14:45:00+00:00,29404.410000000007,29436.160000000007,29301.660000000007,29306.910000000007,111554
2026-07-17T15:00:00+00:00,29306.910000000007,29334.790000000005,29257.540000000005,29287.290000000005,101657
2026-07-17T15:15:00+00:00,29287.290000000005,29338.660000000007,29254.290000000005,29332.040000000005,93474
2026-07-17T15:30:00+00:00,29332.040000000005,29423.290000000005,29300.460000000006,29378.660000000007,87164
2026-07-17T15:45:00+00:00,29378.660000000007,29528.290000000005,29361.790000000005,29513.410000000007,76013
2026-07-17T16:00:00+00:00,29513.410000000007,29535.160000000007,29427.290000000005,29518.540000000005,83113
2026-07-17T16:15:00+00:00,29518.540000000005,29534.660000000007,29441.160000000007,29494.660000000007,73068
2026-07-17T16:30:00+00:00,29494.660000000007,29550.410000000007,29466.660000000007,29549.540000000005,59371
2026-07-17T16:45:00+00:00,29549.540000000005,29608.290000000005,29542.790000000005,29555.540000000005,51681
2026-07-17T17:00:00+00:00,29555.540000000005,29626.040000000005,29547.040000000005,29575.290000000005,49250
2026-07-17T17:15:00+00:00,29575.290000000005,29622.040000000005,29559.910000000007,29615.540000000005,49333
2026-07-17T17:30:00+00:00,29615.540000000005,29621.660000000007,29524.410000000007,29529.790000000005,51999
2026-07-17T17:45:00+00:00,29529.790000000005,29548.290000000005,29465.040000000005,29476.040000000005,47986
2026-07-17T18:00:00+00:00,29476.040000000005,29515.410000000007,29437.040000000005,29443.290000000005,51419
2026-07-17T18:15:00+00:00,29443.290000000005,29449.910000000007,29402.660000000007,29432.410000000007,55285
2026-07-17T18:30:00+00:00,29432.410000000007,29471.790000000005,29376.790000000005,29388.660000000007,51933
2026-07-17T18:45:00+00:00,29388.660000000007,29465.290000000005,29378.540000000005,29441.790000000005,51176
2026-07-17T19:00:00+00:00,29441.790000000005,29449.040000000005,29338.790000000005,29341.410000000007,50659
2026-07-17T19:15:00+00:00,29341.410000000007,29383.660000000007,29299.040000000005,29375.410000000007,59224
2026-07-17T19:30:00+00:00,29375.410000000007,29423.160000000007,29335.410000000007,29375.910000000007,76274
2026-07-17T19:45:00+00:00,29375.910000000007,29433.290000000005,29337.160000000007,29344.410000000007,80005
2026-07-17T20:00:00+00:00,29344.410000000007,29344.640000000007,29292.640000000007,29318.390000000007,32740
2026-07-17T20:15:00+00:00,29318.390000000007,29324.010000000006,28581.79,28592.41,11043
2026-07-17T20:30:00+00:00,28592.41,28611.54,28592.41,28610.36,8952
2026-07-19T22:00:00+00:00,28610.36,28679.16,28577.54,28581.86,14921
2026-07-19T22:15:00+00:00,28581.86,28679.16,28581.86,28631.61,10136
2026-07-19T22:30:00+00:00,28631.61,28716.41,28625.54,28705.86,9858
2026-07-19T22:45:00+00:00,28705.86,28714.66,28677.61,28682.41,5926
2026-07-19T23:00:00+00:00,28682.41,28702.36,28653.36,28678.61,9949
2026-07-19T23:15:00+00:00,28678.61,28690.36,28648.86,28671.04,8110
2026-07-19T23:30:00+00:00,28671.04,28733.16,28659.86,28731.91,8861
2026-07-19T23:45:00+00:00,28731.91,28742.91,28683.11,28736.04,21066
2026-07-20T00:00:00+00:00,28736.04,28821.41,28673.54,28806.29,31375
2026-07-20T00:15:00+00:00,28806.29,28830.04,28793.66,28801.41,23079
2026-07-20T00:30:00+00:00,28801.41,28804.41,28742.54,28754.04,24154
2026-07-20T00:45:00+00:00,28754.04,28767.91,28718.91,28725.11,25999
2026-07-20T01:00:00+00:00,28725.11,28784.66,28714.54,28719.04,35200
2026-07-20T01:15:00+00:00,28719.04,28751.16,28679.66,28682.66,33188
2026-07-20T01:30:00+00:00,28682.66,28701.16,28643.79,28664.04,33197
2026-07-20T01:45:00+00:00,28664.04,28687.29,28630.41,28663.29,26428
2026-07-20T02:00:00+00:00,28663.29,28753.91,28662.61,28705.54,26771
2026-07-20T02:15:00+00:00,28705.54,28714.54,28660.54,28677.16,24775
2026-07-20T02:30:00+00:00,28677.16,28782.54,28677.16,28766.41,24570
2026-07-20T02:45:00+00:00,28766.41,28804.91,28750.79,28753.54,21561
2026-07-20T03:00:00+00:00,28753.54,28779.91,28723.16,28751.91,20722
2026-07-20T03:15:00+00:00,28751.91,28779.91,28731.04,28744.41,21472
2026-07-20T03:30:00+00:00,28744.41,28770.66,28717.66,28765.91,21190
2026-07-20T03:45:00+00:00,28765.91,28804.41,28748.54,28764.29,17705
2026-07-20T04:00:00+00:00,28764.29,28785.54,28730.79,28734.16,15718
2026-07-20T04:15:00+00:00,28734.16,28769.79,28711.29,28766.54,19202
2026-07-20T04:30:00+00:00,28766.54,28807.16,28755.66,28800.79,18341
2026-07-20T04:45:00+00:00,28800.79,28808.91,28759.91,28763.66,14399
2026-07-20T05:00:00+00:00,28763.66,28769.41,28679.04,28729.29,18472
2026-07-20T05:15:00+00:00,28729.29,28729.41,28694.29,28699.16,21259
2026-07-20T05:30:00+00:00,28699.16,28703.91,28676.29,28679.54,18164
2026-07-20T05:45:00+00:00,28679.54,28698.29,28656.41,28673.91,18274
2026-07-20T06:00:00+00:00,28673.91,28689.91,28649.04,28651.66,20151
2026-07-20T06:15:00+00:00,28651.66,28681.91,28635.79,28653.04,17665
2026-07-20T06:30:00+00:00,28653.04,28680.16,28633.16,28670.79,16681
2026-07-20T06:45:00+00:00,28670.79,28676.91,28645.91,28671.66,14049
2026-07-20T07:00:00+00:00,28671.66,28700.79,28671.66,28687.91,22187
2026-07-20T07:15:00+00:00,28687.91,28752.41,28665.11,28746.41,17944
2026-07-20T07:30:00+00:00,28746.41,28792.41,28744.29,28772.41,24092
2026-07-20T07:45:00+00:00,28772.41,28789.04,28746.41,28776.41,17000
2026-07-20T08:00:00+00:00,28776.41,28800.79,28756.66,28793.79,20487
2026-07-20T08:15:00+00:00,28793.79,28806.41,28762.41,28768.66,15655
2026-07-20T08:30:00+00:00,28768.66,28773.29,28727.66,28731.04,14498
2026-07-20T08:45:00+00:00,28731.04,28756.41,28727.91,28747.91,12948
2026-07-20T09:00:00+00:00,28747.91,28755.66,28722.54,28744.04,14489
2026-07-20T09:15:00+00:00,28744.04,28782.91,28744.04,28773.29,12413
2026-07-20T09:30:00+00:00,28773.29,28808.41,28765.41,28808.41,12032
2026-07-20T09:45:00+00:00,28808.41,28865.04,28807.16,28819.16,12404
2026-07-20T10:00:00+00:00,28819.16,28823.91,28794.54,28799.54,11749
2026-07-20T10:15:00+00:00,28799.54,28828.91,28788.29,28823.54,11712
2026-07-20T10:30:00+00:00,28823.54,28841.16,28814.04,28834.54,12312
2026-07-20T10:45:00+00:00,28834.54,28846.41,28829.41,28836.54,12242
2026-07-20T11:00:00+00:00,28836.54,28891.16,28831.16,28879.29,16296
2026-07-20T11:15:00+00:00,28879.29,28885.29,28855.16,28865.04,12274
2026-07-20T11:30:00+00:00,28865.04,28975.29,28862.91,28955.04,36936
2026-07-20T11:45:00+00:00,28955.04,28964.41,28915.54,28939.91,16954
2026-07-20T12:00:00+00:00,28939.91,28942.91,28849.16,28870.66,33800
2026-07-20T12:15:00+00:00,28870.66,28903.04,28858.66,28901.66,16636
2026-07-20T12:30:00+00:00,28901.66,28912.79,28868.54,28872.91,15224
2026-07-20T12:45:00+00:00,28872.91,28910.54,28870.66,28891.29,17475
2026-07-20T13:00:00+00:00,28891.29,28924.29,28890.29,28890.54,22197
2026-07-20T13:15:00+00:00,28890.54,28926.41,28888.79,28910.41,22069
2026-07-20T13:30:00+00:00,28910.41,29048.69,28898.36,29046.44,117166
2026-07-20T13:45:00+00:00,29046.44,29058.81,28848.31,28862.94,103051
2026-07-20T14:00:00+00:00,28862.94,28914.44,28806.44,28839.19,119563
2026-07-20T14:15:00+00:00,28839.19,28898.44,28775.81,28897.19,107985
2026-07-20T14:30:00+00:00,28897.19,28916.81,28819.94,28831.81,103544
2026-07-20T14:45:00+00:00,28831.81,28869.44,28743.19,28759.56,98894
2026-07-20T15:00:00+00:00,28759.56,28855.56,28740.69,28812.19,90182
2026-07-20T15:15:00+00:00,28812.19,28889.44,28797.69,28882.94,72276
2026-07-20T15:30:00+00:00,28882.94,28900.31,28853.56,28894.69,59003
2026-07-20T15:45:00+00:00,28894.69,28931.69,28843.06,28918.56,55521
2026-07-20T16:00:00+00:00,28918.56,28985.94,28896.94,28973.56,44569
2026-07-20T16:15:00+00:00,28973.56,28979.81,28937.31,28951.44,39759
2026-07-20T16:30:00+00:00,28951.44,28967.94,28837.11,28872.06,51207
2026-07-20T16:45:00+00:00,28872.06,28918.94,28823.44,28850.69,50821
2026-07-20T17:00:00+00:00,28850.69,28866.44,28790.19,28793.94,45068
2026-07-20T17:15:00+00:00,28793.94,28842.69,28779.31,28824.94,40552
2026-07-20T17:30:00+00:00,28824.94,28839.69,28768.44,28777.44,37790
2026-07-20T17:45:00+00:00,28777.44,28849.69,28776.06,28823.94,38810
2026-07-20T18:00:00+00:00,28823.94,28868.56,28823.94,28860.19,34992
2026-07-20T18:15:00+00:00,28860.19,28877.06,28799.94,28815.44,38273
2026-07-20T18:30:00+00:00,28815.44,28815.94,28727.19,28727.69,45289
2026-07-20T18:45:00+00:00,28727.69,28768.06,28723.31,28737.81,42840
2026-07-20T19:00:00+00:00,28737.81,28763.06,28675.56,28676.31,49734
2026-07-20T19:15:00+00:00,28676.31,28734.94,28664.31,28721.69,54258
2026-07-20T19:30:00+00:00,28721.69,28760.44,28702.81,28734.81,50292
2026-07-20T19:45:00+00:00,28734.81,28746.31,28635.69,28651.19,54244
2026-07-20T20:00:00+00:00,28651.19,28696.66,28634.91,28640.16,19054
2026-07-20T20:15:00+00:00,28640.16,28641.29,28617.79,28625.79,8114
2026-07-20T20:30:00+00:00,28625.79,28648.04,28624.91,28638.41,5152
2026-07-20T20:45:00+00:00,28638.41,28652.29,28635.29,28643.86,5064
2026-07-20T22:00:00+00:00,28643.86,28669.55,28575.3,28590.05,7028
2026-07-20T22:15:00+00:00,28590.05,28598.55,28581.37,28588.62,5517
2026-07-20T22:30:00+00:00,28588.62,28602.92,28571.12,28592.87,4926
2026-07-20T22:45:00+00:00,28592.87,28602.17,28576.42,28586.3,3547
2026-07-20T23:00:00+00:00,28586.3,28647.17,28581.8,28637.67,6470
2026-07-20T23:15:00+00:00,28637.67,28690.92,28634.92,28688.67,7174
2026-07-20T23:30:00+00:00,28688.67,28693.3,28675.17,28680.67,5257
2026-07-20T23:45:00+00:00,28680.67,28697.17,28627.67,28649.17,15212
2026-07-21T00:00:00+00:00,28649.17,28649.17,28576.17,28606.17,37002
2026-07-21T00:15:00+00:00,28606.17,28703.8,28579.17,28687.05,31527
2026-07-21T00:30:00+00:00,28687.05,28748.8,28683.67,28735.67,22681
2026-07-21T00:45:00+00:00,28735.67,28766.05,28724.92,28727.17,18742
2026-07-21T01:00:00+00:00,28727.17,28780.42,28706.92,28773.05,22597
2026-07-21T01:15:00+00:00,28773.05,28781.17,28742.17,28760.42,18195
2026-07-21T01:30:00+00:00,28760.42,28790.42,28736.42,28744.3,18597
2026-07-21T01:45:00+00:00,28744.3,28780.05,28739.42,28752.55,17272
2026-07-21T02:00:00+00:00,28752.55,28807.3,28747.42,28754.55,17179
2026-07-21T02:15:00+00:00,28754.55,28789.17,28729.05,28763.05,14901
2026-07-21T02:30:00+00:00,28763.05,28824.8,28763.05,28818.3,12528
2026-07-21T02:45:00+00:00,28818.3,28825.67,28797.55,28823.8,10953
2026-07-21T03:00:00+00:00,28823.8,28850.67,28821.55,28844.3,8215
2026-07-21T03:15:00+00:00,28844.3,28866.67,28841.05,28865.17,7132
2026-07-21T03:30:00+00:00,28865.17,28918.42,28862.17,28903.17,10100
2026-07-21T03:45:00+00:00,28903.17,28946.92,28902.67,28941.55,10670
2026-07-21T04:00:00+00:00,28941.55,28958.17,28927.92,28936.42,8234
2026-07-21T04:15:00+00:00,28936.42,28946.42,28925.05,28934.67,7789
2026-07-21T04:30:00+00:00,28934.67,28944.8,28927.67,28933.8,7340
2026-07-21T04:45:00+00:00,28933.8,28945.67,28918.3,28924.8,7343
2026-07-21T05:00:00+00:00,28924.8,28930.3,28903.3,28904.67,9981
2026-07-21T05:15:00+00:00,28904.67,28939.92,28886.42,28935.67,12085
2026-07-21T05:30:00+00:00,28935.67,28962.55,28908.92,28956.55,10664
2026-07-21T05:45:00+00:00,28956.55,28973.8,28940.42,28967.92,10274
2026-07-21T06:00:00+00:00,28967.92,29007.67,28965.3,29001.92,11317
2026-07-21T06:15:00+00:00,29001.92,29010.67,28977.62,28979.67,10323
2026-07-21T06:30:00+00:00,28979.67,29023.8,28979.67,29023.42,11364
2026-07-21T06:45:00+00:00,29023.42,29024.42,29000.17,29016.05,7843
2026-07-21T07:00:00+00:00,29016.05,29029.42,28987.17,29000.67,13949
2026-07-21T07:15:00+00:00,29000.67,29000.67,28961.92,28973.17,13236
2026-07-21T07:30:00+00:00,28973.17,28996.05,28957.42,28981.3,10913
2026-07-21T07:45:00+00:00,28981.3,28989.8,28961.55,28987.67,9787
2026-07-21T08:00:00+00:00,28987.67,29022.92,28973.87,29021.3,14201
2026-07-21T08:15:00+00:00,29021.3,29037.55,29010.3,29037.55,9783
2026-07-21T08:30:00+00:00,29037.55,29045.55,29025.8,29036.3,8596
2026-07-21T08:45:00+00:00,29036.3,29044.05,29019.55,29036.8,7415
2026-07-21T09:00:00+00:00,29036.8,29050.55,29032.17,29040.92,8453
2026-07-21T09:15:00+00:00,29040.92,29064.92,29034.3,29036.05,8748
2026-07-21T09:30:00+00:00,29036.05,29048.8,29020.8,29034.55,7829
2026-07-21T09:45:00+00:00,29034.55,29054.3,29022.8,29023.92,7135
2026-07-21T10:00:00+00:00,29023.92,29067.42,29023.92,29040.8,12194
2026-07-21T10:15:00+00:00,29040.8,29056.3,29035.17,29043.67,9548
2026-07-21T10:30:00+00:00,29043.67,29072.17,29034.55,29041.17,8817
2026-07-21T10:45:00+00:00,29041.17,29053.67,29025.8,29036.3,7595
2026-07-21T11:00:00+00:00,29036.3,29053.05,29003.05,29027.42,12245
2026-07-21T11:15:00+00:00,29027.42,29028.67,28990.55,28997.67,9388
2026-07-21T11:30:00+00:00,28997.67,29041.55,28996.05,29035.67,11357
2026-07-21T11:45:00+00:00,29035.67,29051.55,29014.55,29022.42,9284
2026-07-21T12:00:00+00:00,29022.42,29063.92,29015.55,29047.17,13489
2026-07-21T12:15:00+00:00,29047.17,29047.8,29003.05,29003.05,16854
2026-07-21T12:30:00+00:00,29003.05,29012.05,28981.55,29004.05,17866
2026-07-21T12:45:00+00:00,29004.05,29056.55,29003.92,29042.42,19127
2026-07-21T13:00:00+00:00,29042.42,29052.67,29026.3,29032.05,15630
2026-07-21T13:15:00+00:00,29032.05,29091.55,29026.3,29091.3,18463
2026-07-21T13:30:00+00:00,29091.3,29114.45,28999.82,29013.82,143422
2026-07-21T13:45:00+00:00,29013.82,29046.57,28962.7,29021.45,138576
2026-07-21T14:00:00+00:00,29021.45,29057.7,28934.95,28999.95,111619
2026-07-21T14:15:00+00:00,28999.95,29087.45,28937.32,29076.57,94842
2026-07-21T14:30:00+00:00,29076.57,29104.82,29033.32,29093.95,61962
2026-07-21T14:45:00+00:00,29093.95,29124.7,29080.57,29107.45,61985
2026-07-21T15:00:00+00:00,29107.45,29166.95,29051.7,29160.82,53291
2026-07-21T15:15:00+00:00,29160.82,29189.32,29142.45,29177.2,32436
2026-07-21T15:30:00+00:00,29177.2,29177.95,29128.2,29130.82,25870
2026-07-21T15:45:00+00:00,29130.82,29169.82,29127.57,29129.45,31310
2026-07-21T16:00:00+00:00,29129.45,29192.57,29124.45,29172.07,28998
2026-07-21T16:15:00+00:00,29172.07,29206.82,29170.82,29181.95,24737
2026-07-21T16:30:00+00:00,29181.95,29204.57,29173.32,29188.45,20097
2026-07-21T16:45:00+00:00,29188.45,29221.07,29181.45,29201.45,18556
2026-07-21T17:00:00+00:00,29201.45,29225.07,29200.95,29205.07,20663
2026-07-21T17:15:00+00:00,29205.07,29214.45,29193.07,29202.82,21130
2026-07-21T17:30:00+00:00,29202.82,29221.07,29197.7,29211.07,20268
2026-07-21T17:45:00+00:00,29211.07,29232.32,29203.2,29211.45,17309
2026-07-21T18:00:00+00:00,29211.45,29231.07,29207.45,29207.57,19814
2026-07-21T18:15:00+00:00,29207.57,29214.32,29189.2,29195.07,16843
2026-07-21T18:30:00+00:00,29195.07,29218.57,29180.82,29217.32,18730
2026-07-21T18:45:00+00:00,29217.32,29225.32,29186.7,29197.82,16836
2026-07-21T19:00:00+00:00,29197.82,29205.07,29174.95,29179.95,22325
2026-07-21T19:15:00+00:00,29179.95,29190.07,29160.82,29163.45,20744
2026-07-21T19:30:00+00:00,29163.45,29210.07,29161.45,29207.32,24743
2026-07-21T19:45:00+00:00,29207.32,29219.07,29171.32,29182.2,35365
2026-07-21T20:00:00+00:00,29182.2,29185.55,29157.05,29175.92,15491
2026-07-21T20:15:00+00:00,29175.92,29175.92,29153.3,29162.3,5801
2026-07-21T20:30:00+00:00,29162.3,29171.67,29159.55,29162.3,4257
2026-07-21T20:45:00+00:00,29162.3,29163.92,29148.8,29159.12,4197
2026-07-21T22:00:00+00:00,29159.12,29178.23,29148.48,29165.48,7414
2026-07-21T22:15:00+00:00,29165.48,29169.73,29133.55,29138.35,5259
2026-07-21T22:30:00+00:00,29138.35,29149.1,29125.85,29137.73,4396
2026-07-21T22:45:00+00:00,29137.73,29143.35,29120.98,29141.98,5730
2026-07-21T23:00:00+00:00,29141.98,29152.35,29129.6,29150.1,4581
2026-07-21T23:15:00+00:00,29150.1,29171.35,29140.6,29163.98,5157
2026-07-21T23:30:00+00:00,29163.98,29171.85,29141.6,29147.85,5072
2026-07-21T23:45:00+00:00,29147.85,29170.85,29138.35,29165.85,11962
2026-07-22T00:00:00+00:00,29165.85,29204.23,29154.6,29196.35,25448
2026-07-22T00:15:00+00:00,29196.35,29197.85,29158.85,29167.48,21617
2026-07-22T00:30:00+00:00,29167.48,29172.98,29140.35,29152.23,19925
2026-07-22T00:45:00+00:00,29152.23,29160.35,29127.48,29156.48,17400
2026-07-22T01:00:00+00:00,29156.48,29161.98,29102.48,29124.35,17000
2026-07-22T01:15:00+00:00,29124.35,29138.98,29107.6,29114.23,13811
2026-07-22T01:30:00+00:00,29114.23,29128.98,29100.48,29122.73,17968
2026-07-22T01:45:00+00:00,29122.73,29172.98,29118.73,29144.6,12384
2026-07-22T02:00:00+00:00,29144.6,29152.1,29106.98,29129.6,14265
2026-07-22T02:15:00+00:00,29129.6,29151.98,29118.73,29144.1,14290
2026-07-22T02:30:00+00:00,29144.1,29145.1,29111.48,29120.98,14842
2026-07-22T02:45:00+00:00,29120.98,29131.85,29097.23,29107.23,12156
2026-07-22T03:00:00+00:00,29107.23,29111.98,29078.35,29081.98,12263
2026-07-22T03:15:00+00:00,29081.98,29129.73,29080.73,29129.6,12440
2026-07-22T03:30:00+00:00,29129.6,29134.85,29085.6,29091.1,14201
2026-07-22T03:45:00+00:00,29091.1,29109.48,29058.35,29067.35,12212
2026-07-22T04:00:00+00:00,29067.35,29091.98,29056.1,29081.85,11602
2026-07-22T04:15:00+00:00,29081.85,29106.35,29080.73,29101.35,8895
2026-07-22T04:30:00+00:00,29101.35,29101.35,29077.1,29085.23,10419
2026-07-22T04:45:00+00:00,29085.23,29089.73,29061.73,29089.35,10912
2026-07-22T05:00:00+00:00,29089.35,29092.98,29047.98,29054.98,15360
2026-07-22T05:15:00+00:00,29054.98,29063.73,29033.73,29033.73,18472
2026-07-22T05:30:00+00:00,29033.73,29051.73,29013.85,29015.48,18798
2026-07-22T05:45:00+00:00,29015.48,29045.35,29008.73,29040.73,14217
2026-07-22T06:00:00+00:00,29040.73,29040.98,28994.35,29000.98,16439
2026-07-22T06:15:00+00:00,29000.98,29000.98,28928.1,28947.35,14473
2026-07-22T06:30:00+00:00,28947.35,28982.73,28936.23,28969.98,11509
2026-07-22T06:45:00+00:00,28969.98,28970.48,28930.98,28960.1,11354
2026-07-22T07:00:00+00:00,28960.1,28969.98,28918.98,28965.35,18577
2026-07-22T07:15:00+00:00,28965.35,28991.73,28952.35,28986.6,12823
2026-07-22T07:30:00+00:00,28986.6,28991.1,28894.48,28932.73,17652
2026-07-22T07:45:00+00:00,28932.73,28943.73,28908.48,28924.48,15477
2026-07-22T08:00:00+00:00,28924.48,28974.6,28908.73,28935.35,20789
2026-07-22T08:15:00+00:00,28935.35,28972.23,28930.35,28969.6,17970
2026-07-22T08:30:00+00:00,28969.6,28983.98,28948.48,28954.1,13814
2026-07-22T08:45:00+00:00,28954.1,28985.35,28953.85,28978.1,12989
2026-07-22T09:00:00+00:00,28978.1,29017.35,28975.1,28999.35,12877
2026-07-22T09:15:00+00:00,28999.35,29014.35,28992.73,28993.35,11769
2026-07-22T09:30:00+00:00,28993.35,28993.98,28964.73,28983.98,12991
2026-07-22T09:45:00+00:00,28983.98,28995.73,28957.6,28995.48,11884
2026-07-22T10:00:00+00:00,28995.48,29026.35,28988.23,28988.48,11731
2026-07-22T10:15:00+00:00,28988.48,29034.73,28981.48,29029.35,15397
2026-07-22T10:30:00+00:00,29029.35,29036.73,29002.6,29002.98,15073
2026-07-22T10:45:00+00:00,29002.98,29040.98,29001.6,29022.48,10389
2026-07-22T11:00:00+00:00,29022.48,29032.48,28990.35,28991.98,16230
2026-07-22T11:15:00+00:00,28991.98,29003.23,28967.1,28970.23,12774
2026-07-22T11:30:00+00:00,28970.23,28981.85,28886.1,28910.73,19075
2026-07-22T11:45:00+00:00,28910.73,28946.98,28903.6,28922.48,16271
2026-07-22T12:00:00+00:00,28922.48,28939.23,28893.98,28912.35,16475
2026-07-22T12:15:00+00:00,28912.35,28914.98,28863.23,28894.35,15027
2026-07-22T12:30:00+00:00,28894.35,28935.98,28894.35,28923.98,19308
2026-07-22T12:45:00+00:00,28923.98,28924.6,28830.55,28884.98,21974
2026-07-22T13:00:00+00:00,28884.98,28930.73,28884.98,28924.73,17361
2026-07-22T13:15:00+00:00,28924.73,28966.48,28922.48,28957.85,20149
2026-07-22T13:30:00+00:00,28957.85,29053.75,28957.85,29046.75,125025
2026-07-22T13:45:00+00:00,29046.75,29144.88,29022.25,29144,91470
2026-07-22T14:00:00+00:00,29144,29151.38,29087,29104.13,78041
2026-07-22T14:15:00+00:00,29104.13,29141.63,29064.63,29087.63,91468
2026-07-22T14:30:00+00:00,29087.63,29127.5,29042.88,29054.38,77645
2026-07-22T14:45:00+00:00,29054.38,29112.5,29043.38,29108.5,71179
2026-07-22T15:00:00+00:00,29108.5,29181.5,29108.5,29174.63,49934
2026-07-22T15:15:00+00:00,29174.63,29210.13,29161.13,29192.88,38351
2026-07-22T15:30:00+00:00,29192.88,29203.13,29143.25,29157.13,40616
2026-07-22T15:45:00+00:00,29157.13,29200.5,29157.13,29198,31805
2026-07-22T16:00:00+00:00,29198,29201.38,29181.13,29197.75,24878
2026-07-22T16:15:00+00:00,29197.75,29203,29168.88,29179.38,26215
2026-07-22T16:30:00+00:00,29179.38,29196.38,29152.13,29158.75,24055
2026-07-22T16:45:00+00:00,29158.75,29189.75,29145.38,29178.75,24194
2026-07-22T17:00:00+00:00,29178.75,29199,29171.63,29178.38,19910
2026-07-22T17:15:00+00:00,29178.38,29186.88,29163.63,29173.63,23575
2026-07-22T17:30:00+00:00,29173.63,29187.88,29149.13,29162.13,22262
2026-07-22T17:45:00+00:00,29162.13,29165.88,29102.88,29112.38,26667
2026-07-22T18:00:00+00:00,29112.38,29138.5,29093.25,29093.25,28957
2026-07-22T18:15:00+00:00,29093.25,29120.63,29090.88,29107.38,24019
2026-07-22T18:30:00+00:00,29107.38,29107.88,29076.38,29096.88,22121
2026-07-22T18:45:00+00:00,29096.88,29126.63,29093.25,29113.75,19741
2026-07-22T19:00:00+00:00,29113.75,29125.5,29083.63,29092.5,24241
2026-07-22T19:15:00+00:00,29092.5,29127.25,29086,29121.25,22912
2026-07-22T19:30:00+00:00,29121.25,29122.13,29061.13,29080.13,29810
2026-07-22T19:45:00+00:00,29080.13,29112.88,29027.13,29027.13,38983
2026-07-22T20:00:00+00:00,29027.13,29117.1,28987.3,29115.98,36409
2026-07-22T20:15:00+00:00,29115.98,29126.98,29071.98,29085.85,13633
2026-07-22T20:30:00+00:00,29085.85,29092.35,29051.3,29051.8,9582
2026-07-22T20:45:00+00:00,29051.8,29080.35,29034.3,29034.3,9131
2026-07-22T22:00:00+00:00,29034.3,29034.3,28931.68,28955.81,9897
2026-07-22T22:15:00+00:00,28955.81,28976.93,28941.68,28952.81,7793
2026-07-22T22:30:00+00:00,28952.81,28958.93,28912.31,28916.81,8281
2026-07-22T22:45:00+00:00,28916.81,28954.93,28910.31,28942.93,6267
2026-07-22T23:00:00+00:00,28942.93,28951.06,28898.68,28934.43,7289
2026-07-22T23:15:00+00:00,28934.43,28936.93,28907.31,28928.81,4762
2026-07-22T23:30:00+00:00,28928.81,28968.31,28928.68,28967.31,6429
2026-07-22T23:45:00+00:00,28967.31,29013.93,28963.93,29013.43,10645
2026-07-23T00:00:00+00:00,29013.43,29042.68,29003.68,29038.31,20114
2026-07-23T00:15:00+00:00,29038.31,29126.56,29027.93,29097.56,17014
2026-07-23T00:30:00+00:00,29097.56,29119.68,29089.68,29105.06,16868
2026-07-23T00:45:00+00:00,29105.06,29152.31,29100.43,29126.31,12854
2026-07-23T01:00:00+00:00,29126.31,29141.93,29108.56,29139.81,15335
2026-07-23T01:15:00+00:00,29139.81,29143.68,29102.93,29110.31,16220
2026-07-23T01:30:00+00:00,29110.31,29130.43,29052.18,29052.93,24731
2026-07-23T01:45:00+00:00,29052.93,29087.93,29046.68,29047.31,19259
2026-07-23T02:00:00+00:00,29047.31,29070.81,29018.81,29019.68,18084
2026-07-23T02:15:00+00:00,29019.68,29025.81,28963.31,28974.93,14741
2026-07-23T02:30:00+00:00,28974.93,28995.93,28929.93,28939.56,16335
2026-07-23T02:45:00+00:00,28939.56,28967.31,28933.56,28962.18,12975
2026-07-23T03:00:00+00:00,28962.18,28967.56,28901.31,28923.93,12872
2026-07-23T03:15:00+00:00,28923.93,28954.56,28911.31,28954.56,13952
2026-07-23T03:30:00+00:00,28954.56,28987.31,28943.06,28987.31,19620
2026-07-23T03:45:00+00:00,28987.31,28998.81,28974.06,28982.31,11744
2026-07-23T04:00:00+00:00,28982.31,29005.81,28938.68,29005.81,12521
2026-07-23T04:15:00+00:00,29005.81,29032.81,28983.06,29021.56,13052
2026-07-23T04:30:00+00:00,29021.56,29036.06,29008.81,29012.06,13609
2026-07-23T04:45:00+00:00,29012.06,29027.56,28983.18,28995.06,12791
2026-07-23T05:00:00+00:00,28995.06,28999.06,28971.31,28988.06,16540
2026-07-23T05:15:00+00:00,28988.06,29041.18,28969.93,29041.18,14696
2026-07-23T05:30:00+00:00,29041.18,29053.56,29007.18,29019.06,15938
2026-07-23T05:45:00+00:00,29019.06,29019.81,28950.18,28957.68,15054
2026-07-23T06:00:00+00:00,28957.68,28987.06,28948.31,28969.31,16459
2026-07-23T06:15:00+00:00,28969.31,28980.68,28950.06,28977.93,15132
2026-07-23T06:30:00+00:00,28977.93,28983.18,28952.31,28952.93,13334
2026-07-23T06:45:00+00:00,28952.93,28989.93,28947.43,28954.68,11581
2026-07-23T07:00:00+00:00,28954.68,28956.68,28825.18,28865.81,25815
2026-07-23T07:15:00+00:00,28865.81,28909.06,28863.06,28886.81,20548
2026-07-23T07:30:00+00:00,28886.81,28890.81,28808.68,28811.31,17588
2026-07-23T07:45:00+00:00,28811.31,28859.31,28792.93,28858.06,20361
2026-07-23T08:00:00+00:00,28858.06,28912.81,28829.68,28905.13,19091
2026-07-23T08:15:00+00:00,28905.13,28931.68,28889.43,28920.93,17135
2026-07-23T08:30:00+00:00,28920.93,28931.81,28901.56,28908.31,14787
2026-07-23T08:45:00+00:00,28908.31,28981.18,28905.31,28973.68,14158
2026-07-23T09:00:00+00:00,28973.68,29007.68,28950.68,28952.06,17717
2026-07-23T09:15:00+00:00,28952.06,28972.93,28948.56,28961.81,11240
2026-07-23T09:30:00+00:00,28961.81,28961.93,28938.68,28946.06,12279
2026-07-23T09:45:00+00:00,28946.06,28957.31,28916.18,28925.81,13391
2026-07-23T10:00:00+00:00,28925.81,28937.81,28909.18,28913.43,13318
2026-07-23T10:15:00+00:00,28913.43,28934.06,28907.68,28923.68,13233
2026-07-23T10:30:00+00:00,28923.68,28992.81,28917.31,28971.81,14116
2026-07-23T10:45:00+00:00,28971.81,28979.31,28965.56,28973.18,12618
2026-07-23T11:00:00+00:00,28973.18,28978.18,28904.93,28927.81,18856
2026-07-23T11:15:00+00:00,28927.81,28942.31,28863.68,28865.06,17160
2026-07-23T11:30:00+00:00,28865.06,28872.31,28784.81,28796.31,22610
2026-07-23T11:45:00+00:00,28796.31,28851.88,28784.43,28835.56,20335
2026-07-23T12:00:00+00:00,28835.56,28837.31,28786.18,28786.63,18030
2026-07-23T12:15:00+00:00,28786.63,28807.63,28726.06,28735.88,25520
2026-07-23T12:30:00+00:00,28735.88,28744.13,28640.43,28659.31,30580
2026-07-23T12:45:00+00:00,28659.31,28675.68,28627.43,28657.56,37205
2026-07-23T13:00:00+00:00,28657.56,28675.06,28587.06,28597.68,39130
2026-07-23T13:15:00+00:00,28597.68,28602.06,28569.31,28589.56,34641
2026-07-23T13:30:00+00:00,28589.56,28752.829999999998,28528.579999999998,28727.96,160623
2026-07-23T13:45:00+00:00,28727.96,28738.329999999998,28567.829999999998,28579.46,153624
2026-07-23T14:00:00+00:00,28579.46,28670.96,28550.079999999998,28574.96,155524
2026-07-23T14:15:00+00:00,28574.96,28650.079999999998,28558.579999999998,28604.46,134657
2026-07-23T14:30:00+00:00,28604.46,28642.579999999998,28497.329999999998,28517.579999999998,132937
2026-07-23T14:45:00+00:00,28517.579999999998,28540.829999999998,28448.829999999998,28468.579999999998,111369
2026-07-23T15:00:00+00:00,28468.579999999998,28474.96,28354.079999999998,28364.829999999998,85967
2026-07-23T15:15:00+00:00,28364.829999999998,28439.71,28319.579999999998,28336.829999999998,88370
2026-07-23T15:30:00+00:00,28336.829999999998,28421.71,28303.96,28365.21,80636
2026-07-23T15:45:00+00:00,28365.21,28460.579999999998,28350.21,28459.079999999998,68665
2026-07-23T16:00:00+00:00,28459.079999999998,28514.71,28444.71,28500.46,68040
2026-07-23T16:15:00+00:00,28500.46,28585.829999999998,28481.21,28578.079999999998,55008
2026-07-23T16:30:00+00:00,28578.079999999998,28608.96,28554.329999999998,28558.71,53540
2026-07-23T16:45:00+00:00,28558.71,28558.71,28480.829999999998,28512.329999999998,63045
2026-07-23T17:00:00+00:00,28512.329999999998,28533.46,28459.71,28514.46,65925
2026-07-23T17:15:00+00:00,28514.46,28547.329999999998,28485.96,28523.71,57863
2026-07-23T17:30:00+00:00,28523.71,28527.329999999998,28442.46,28465.079999999998,67029
2026-07-23T17:45:00+00:00,28465.079999999998,28500.21,28437.21,28439.579999999998,56679
2026-07-23T18:00:00+00:00,28439.579999999998,28451.96,28413.96,28430.71,52628
2026-07-23T18:15:00+00:00,28430.71,28455.21,28416.96,28446.329999999998,43888
2026-07-23T18:30:00+00:00,28446.329999999998,28473.96,28416.71,28421.21,40844
2026-07-23T18:45:00+00:00,28421.21,28449.46,28396.579999999998,28421.21,38246
2026-07-23T19:00:00+00:00,28421.21,28437.71,28372.46,28376.96,33688
2026-07-23T19:15:00+00:00,28376.96,28465.079999999998,28375.579999999998,28453.21,40108
2026-07-23T19:30:00+00:00,28453.21,28465.96,28373.579999999998,28373.579999999998,50132
2026-07-23T19:45:00+00:00,28373.579999999998,28503.829999999998,28357.46,28482.46,66520
2026-07-23T20:00:00+00:00,28482.46,28616.93,28482.46,28597.31,26029
2026-07-23T20:15:00+00:00,28597.31,28647.56,28589.88,28639.81,14390
2026-07-23T20:30:00+00:00,28639.81,28651.93,28599.06,28606.68,11772
2026-07-23T20:45:00+00:00,28606.68,28617.06,28596.06,28611.25,8657
2026-07-23T22:00:00+00:00,28611.25,28611.25,28507.86,28517.36,10435
2026-07-23T22:15:00+00:00,28517.36,28551.36,28499.73,28538.61,8497
2026-07-23T22:30:00+00:00,28538.61,28566.73,28538.23,28559.61,6499
2026-07-23T22:45:00+00:00,28559.61,28607.11,28558.86,28605.36,5770
2026-07-23T23:00:00+00:00,28605.36,28609.36,28565.11,28573.11,6139
2026-07-23T23:15:00+00:00,28573.11,28583.11,28565.23,28575.11,5310
2026-07-23T23:30:00+00:00,28575.11,28576.61,28536.36,28561.86,7611
2026-07-23T23:45:00+00:00,28561.86,28584.36,28534.11,28554.86,20459
2026-07-24T00:00:00+00:00,28554.86,28599.61,28494.86,28517.73,37178
2026-07-24T00:15:00+00:00,28517.73,28557.73,28491.36,28519.61,29592
2026-07-24T00:30:00+00:00,28519.61,28550.98,28497.73,28531.11,24889
2026-07-24T00:45:00+00:00,28531.11,28554.86,28502.48,28545.98,25621
2026-07-24T01:00:00+00:00,28545.98,28576.73,28532.73,28538.36,28408
2026-07-24T01:15:00+00:00,28538.36,28568.61,28516.73,28531.23,24312
2026-07-24T01:30:00+00:00,28531.23,28559.73,28520.86,28539.86,31016
2026-07-24T01:45:00+00:00,28539.86,28548.23,28486.61,28489.61,21052
2026-07-24T02:00:00+00:00,28489.61,28506.48,28469.36,28492.86,22454
2026-07-24T02:15:00+00:00,28492.86,28498.73,28461.86,28469.48,18933
2026-07-24T02:30:00+00:00,28469.48,28473.73,28423.11,28423.61,16663
2026-07-24T02:45:00+00:00,28423.61,28428.11,28391.98,28394.86,16023
2026-07-24T03:00:00+00:00,28394.86,28421.36,28393.61,28413.86,16274
2026-07-24T03:15:00+00:00,28413.86,28434.98,28396.86,28420.11,17573
2026-07-24T03:30:00+00:00,28420.11,28430.36,28375.48,28380.11,22645
2026-07-24T03:45:00+00:00,28380.11,28394.61,28356.73,28360.73,15273
2026-07-24T04:00:00+00:00,28360.73,28390.48,28342.36,28360.98,14034
2026-07-24T04:15:00+00:00,28360.98,28431.36,28357.36,28426.36,13825
2026-07-24T04:30:00+00:00,28426.36,28432.73,28387.11,28403.48,16274
2026-07-24T04:45:00+00:00,28403.48,28446.23,28394.98,28440.36,14964
2026-07-24T05:00:00+00:00,28440.36,28475.36,28423.36,28467.73,17995
2026-07-24T05:15:00+00:00,28467.73,28476.48,28446.23,28457.61,18676
2026-07-24T05:30:00+00:00,28457.61,28469.73,28441.73,28465.86,18585
2026-07-24T05:45:00+00:00,28465.86,28481.61,28419.48,28420.98,14720
2026-07-24T06:00:00+00:00,28420.98,28424.48,28378.61,28384.98,14866
2026-07-24T06:15:00+00:00,28384.98,28451.11,28384.23,28411.11,14632
2026-07-24T06:30:00+00:00,28411.11,28436.23,28380.36,28382.36,13612
2026-07-24T06:45:00+00:00,28382.36,28422.11,28357.11,28419.36,13731
2026-07-24T07:00:00+00:00,28419.36,28512.86,28415.61,28510.43,20802
2026-07-24T07:15:00+00:00,28510.43,28538.48,28499.73,28528.23,15673
2026-07-24T07:30:00+00:00,28528.23,28533.23,28485.86,28501.36,14524
2026-07-24T07:45:00+00:00,28501.36,28508.11,28487.98,28490.61,12174
2026-07-24T08:00:00+00:00,28490.61,28494.61,28432.36,28449.23,19741
2026-07-24T08:15:00+00:00,28449.23,28497.11,28447.36,28496.98,17823
2026-07-24T08:30:00+00:00,28496.98,28524.36,28489.36,28504.98,13420
2026-07-24T08:45:00+00:00,28504.98,28508.98,28484.48,28496.36,13052
2026-07-24T09:00:00+00:00,28496.36,28556.98,28486.98,28517.48,17336
2026-07-24T09:15:00+00:00,28517.48,28551.73,28508.11,28548.23,13425
2026-07-24T09:30:00+00:00,28548.23,28576.73,28538.98,28571.23,12008
2026-07-24T09:45:00+00:00,28571.23,28579.23,28555.86,28574.98,9447
2026-07-24T10:00:00+00:00,28574.98,28580.11,28534.36,28538.73,10190
2026-07-24T10:15:00+00:00,28538.73,28553.98,28529.23,28542.98,9726
2026-07-24T10:30:00+00:00,28542.98,28560.61,28512.98,28522.36,11231
2026-07-24T10:45:00+00:00,28522.36,28531.86,28508.61,28514.98,11975
2026-07-24T11:00:00+00:00,28514.98,28541.73,28507.11,28531.86,16670
2026-07-24T11:15:00+00:00,28531.86,28538.36,28512.36,28517.73,13015
2026-07-24T11:30:00+00:00,28517.73,28523.61,28491.86,28491.86,16288
2026-07-24T11:45:00+00:00,28491.86,28572.61,28477.23,28554.23,19411
2026-07-24T12:00:00+00:00,28554.23,28570.48,28500.86,28564.86,23491
2026-07-24T12:15:00+00:00,28564.86,28569.61,28528.73,28561.86,18409
2026-07-24T12:30:00+00:00,28561.86,28563.73,28500.36,28504.23,18277
2026-07-24T12:45:00+00:00,28504.23,28510.23,28463.73,28466.98,16862
2026-07-24T13:00:00+00:00,28466.98,28477.23,28447.23,28467.11,20257
2026-07-24T13:15:00+00:00,28467.11,28490.61,28414.86,28414.86,26162
2026-07-24T13:30:00+00:00,28414.86,28496.51,28334.76,28359.18,166514
2026-07-24T13:45:00+00:00,28359.18,28383.76,28189.63,28198.68,130585
2026-07-24T14:00:00+00:00,28198.68,28326.51,28180.43,28296.51,145303
2026-07-24T14:15:00+00:00,28296.51,28306.76,28176.76,28267.01,130809
2026-07-24T14:30:00+00:00,28267.01,28270.26,28140.51,28163.51,123424
2026-07-24T14:45:00+00:00,28163.51,28332.88,28130.51,28325.51,98593
2026-07-24T15:00:00+00:00,28325.51,28384.51,28231.13,28370.38,111970
2026-07-24T15:15:00+00:00,28370.38,28431.51,28333.18,28376.01,103076
2026-07-24T15:30:00+00:00,28376.01,28452.01,28360.63,28381.26,77236
2026-07-24T15:45:00+00:00,28381.26,28458.63,28368.76,28452.13,63230
2026-07-24T16:00:00+00:00,28452.13,28506.13,28426.51,28450.26,53420
2026-07-24T16:15:00+00:00,28450.26,28467.63,28428.76,28441.88,45103
2026-07-24T16:30:00+00:00,28441.88,28443.51,28371.13,28375.76,50828
2026-07-24T16:45:00+00:00,28375.76,28385.88,28337.51,28370.51,52962
2026-07-24T17:00:00+00:00,28370.51,28377.76,28303.51,28334.51,55780
2026-07-24T17:15:00+00:00,28334.51,28396.88,28317.01,28390.01,46734
2026-07-24T17:30:00+00:00,28390.01,28418.76,28339.13,28339.76,42371
2026-07-24T17:45:00+00:00,28339.76,28376.76,28327.88,28342.01,42071
2026-07-24T18:00:00+00:00,28342.01,28361.26,28297.38,28303.51,39096
2026-07-24T18:15:00+00:00,28303.51,28305.26,28209.63,28213.01,42529
2026-07-24T18:30:00+00:00,28213.01,28221.26,28134.88,28151.76,55837
2026-07-24T18:45:00+00:00,28151.76,28202.51,28145.51,28177.13,50280
2026-07-24T19:00:00+00:00,28177.13,28203.26,28095.76,28097.26,58576
2026-07-24T19:15:00+00:00,28097.26,28141.51,28088.76,28130.26,54334
2026-07-24T19:30:00+00:00,28130.26,28178.01,28115.26,28150.26,59569
2026-07-24T19:45:00+00:00,28150.26,28169.01,28100.76,28161.51,58950
2026-07-24T20:00:00+00:00,28161.51,28178.23,28135.18,28166.86,22559
2026-07-24T20:15:00+00:00,28166.86,28190.66,28164.04,28167.16,10418
2026-07-24T20:30:00+00:00,28167.16,28170.16,28146.86,28168.24,7992
2026-07-26T22:00:00+00:00,28168.24,28548.08,28168.24,28485.58,11162
2026-07-26T22:15:00+00:00,28485.58,28518.63,28467.83,28495.08,8897
2026-07-26T22:30:00+00:00,28495.08,28513.510000000002,28491.33,28499.510000000002,7644
2026-07-26T22:45:00+00:00,28499.510000000002,28507.13,28477.260000000002,28482.510000000002,5852
2026-07-26T23:00:00+00:00,28482.510000000002,28510.630000000005,28471.510000000002,28502.880000000005,8150
2026-07-26T23:15:00+00:00,28502.880000000005,28509.010000000002,28483.510000000002,28490.010000000002,5028
2026-07-26T23:30:00+00:00,28490.010000000002,28541.510000000002,28483.130000000005,28526.510000000002,5917
2026-07-26T23:45:00+00:00,28526.510000000002,28603.260000000002,28513.880000000005,28600.630000000005,14173
2026-07-27T00:00:00+00:00,28600.630000000005,28602.760000000002,28491.010000000002,28534.510000000002,14206
2026-07-27T00:15:00+00:00,28534.510000000002,28535.760000000002,28454.510000000002,28494.760000000002,13569
2026-07-27T00:30:00+00:00,28494.760000000002,28528.260000000002,28471.380000000005,28471.380000000005,13949
2026-07-27T00:45:00+00:00,28471.380000000005,28527.760000000002,28468.510000000002,28468.510000000002,15431
2026-07-27T01:00:00+00:00,28468.510000000002,28505.760000000002,28439.010000000002,28441.260000000002,14171
2026-07-27T01:15:00+00:00,28441.260000000002,28453.380000000005,28399.330000000005,28411.260000000002,19071
2026-07-27T01:30:00+00:00,28411.260000000002,28490.880000000005,28408.010000000002,28460.260000000002,20577
2026-07-27T01:45:00+00:00,28460.260000000002,28486.630000000005,28444.760000000002,28486.630000000005,16942
2026-07-27T02:00:00+00:00,28486.630000000005,28498.880000000005,28459.760000000002,28481.630000000005,15764
2026-07-27T02:15:00+00:00,28481.630000000005,28524.630000000005,28479.760000000002,28511.380000000005,15969
2026-07-27T02:30:00+00:00,28511.380000000005,28528.010000000002,28478.880000000005,28519.880000000005,18551
2026-07-27T02:45:00+00:00,28519.880000000005,28529.880000000005,28483.880000000005,28486.630000000005,14153
2026-07-27T03:00:00+00:00,28486.630000000005,28516.510000000002,28477.880000000005,28515.760000000002,14136
2026-07-27T03:15:00+00:00,28515.760000000002,28522.630000000005,28490.760000000002,28491.260000000002,14072
2026-07-27T03:30:00+00:00,28491.260000000002,28508.760000000002,28472.510000000002,28491.130000000005,17879
2026-07-27T03:45:00+00:00,28491.130000000005,28499.010000000002,28466.010000000002,28485.880000000005,15082
2026-07-27T04:00:00+00:00,28485.880000000005,28496.760000000002,28470.260000000002,28493.130000000005,15292
2026-07-27T04:15:00+00:00,28493.130000000005,28517.880000000005,28479.760000000002,28492.510000000002,14982
2026-07-27T04:30:00+00:00,28492.510000000002,28525.880000000005,28482.010000000002,28520.510000000002,13668
2026-07-27T04:45:00+00:00,28520.510000000002,28535.380000000005,28510.510000000002,28516.760000000002,14049
2026-07-27T05:00:00+00:00,28516.760000000002,28546.880000000005,28510.380000000005,28542.010000000002,14606
2026-07-27T05:15:00+00:00,28542.010000000002,28556.130000000005,28537.130000000005,28551.760000000002,11778
2026-07-27T05:30:00+00:00,28551.760000000002,28576.010000000002,28546.760000000002,28559.380000000005,12688
2026-07-27T05:45:00+00:00,28559.380000000005,28575.630000000005,28554.510000000002,28567.260000000002,12673
2026-07-27T06:00:00+00:00,28567.260000000002,28600.510000000002,28567.260000000002,28589.630000000005,14898
2026-07-27T06:15:00+00:00,28589.630000000005,28594.260000000002,28566.510000000002,28571.260000000002,12058
2026-07-27T06:30:00+00:00,28571.260000000002,28587.260000000002,28567.130000000005,28569.010000000002,11910
2026-07-27T06:45:00+00:00,28569.010000000002,28574.880000000005,28552.880000000005,28565.760000000002,10576
2026-07-27T07:00:00+00:00,28565.760000000002,28600.880000000005,28562.630000000005,28599.880000000005,19260
2026-07-27T07:15:00+00:00,28599.880000000005,28604.010000000002,28574.760000000002,28577.380000000005,15115
2026-07-27T07:30:00+00:00,28577.380000000005,28578.630000000005,28544.630000000005,28568.760000000002,13329
2026-07-27T07:45:00+00:00,28568.760000000002,28573.760000000002,28534.130000000005,28534.130000000005,14296
2026-07-27T08:00:00+00:00,28534.130000000005,28572.880000000005,28533.380000000005,28566.130000000005,22891
2026-07-27T08:15:00+00:00,28566.130000000005,28595.260000000002,28550.510000000002,28592.880000000005,15129
2026-07-27T08:30:00+00:00,28592.880000000005,28615.010000000002,28575.630000000005,28608.380000000005,13461
2026-07-27T08:45:00+00:00,28608.380000000005,28621.130000000005,28596.880000000005,28608.880000000005,10431
2026-07-27T09:00:00+00:00,28608.880000000005,28609.380000000005,28592.760000000002,28597.760000000002,10843
2026-07-27T09:15:00+00:00,28597.760000000002,28610.260000000002,28595.760000000002,28598.260000000002,10313
2026-07-27T09:30:00+00:00,28598.260000000002,28620.130000000005,28591.130000000005,28619.130000000005,10286
2026-07-27T09:45:00+00:00,28619.130000000005,28634.510000000002,28615.260000000002,28618.380000000005,9085
2026-07-27T10:00:00+00:00,28618.380000000005,28625.760000000002,28599.260000000002,28610.880000000005,10634
2026-07-27T10:15:00+00:00,28610.880000000005,28620.010000000002,28603.260000000002,28610.510000000002,9083
2026-07-27T10:30:00+00:00,28610.510000000002,28622.880000000005,28605.880000000005,28618.630000000005,7254
2026-07-27T10:45:00+00:00,28618.630000000005,28629.880000000005,28612.260000000002,28613.760000000002,8212
2026-07-27T11:00:00+00:00,28613.760000000002,28616.510000000002,28581.260000000002,28584.380000000005,12537
2026-07-27T11:15:00+00:00,28584.380000000005,28592.130000000005,28523.630000000005,28523.630000000005,12131
2026-07-27T11:30:00+00:00,28523.630000000005,28557.380000000005,28520.760000000002,28539.760000000002,16997
2026-07-27T11:45:00+00:00,28539.760000000002,28549.010000000002,28532.010000000002,28545.260000000002,11288
2026-07-27T12:00:00+00:00,28545.260000000002,28569.630000000005,28506.510000000002,28508.760000000002,17853
2026-07-27T12:15:00+00:00,28508.760000000002,28525.130000000005,28501.880000000005,28521.580000000005,15935
2026-07-27T12:30:00+00:00,28521.580000000005,28543.510000000002,28505.260000000002,28542.510000000002,16409
2026-07-27T12:45:00+00:00,28542.510000000002,28564.010000000002,28539.260000000002,28563.010000000002,17359
2026-07-27T13:00:00+00:00,28563.010000000002,28571.510000000002,28520.130000000005,28533.260000000002,23697
2026-07-27T13:15:00+00:00,28533.260000000002,28547.510000000002,28460.760000000002,28460.760000000002,25282
2026-07-27T13:30:00+00:00,28460.760000000002,28486.530000000002,28302.030000000002,28326.030000000002,167693
2026-07-27T13:45:00+00:00,28326.030000000002,28375.780000000002,28214.910000000003,28220.030000000002,150755
2026-07-27T14:00:00+00:00,28220.030000000002,28243.660000000003,28104.660000000003,28124.160000000003,129771
2026-07-27T14:15:00+00:00,28124.160000000003,28170.780000000002,27951.410000000003,27958.030000000002,121982
2026-07-27T14:30:00+00:00,27958.030000000002,27976.780000000002,27812.530000000002,27830.660000000003,141965
2026-07-27T14:45:00+00:00,27830.660000000003,28051.780000000002,27830.410000000003,28042.910000000003,131111
2026-07-27T15:00:00+00:00,28042.910000000003,28070.160000000003,27995.160000000003,28000.030000000002,111088
2026-07-27T15:15:00+00:00,28000.030000000002,28022.780000000002,27920.280000000002,27945.530000000002,113954
2026-07-27T15:30:00+00:00,27945.530000000002,27955.780000000002,27853.410000000003,27912.280000000002,92624
2026-07-27T15:45:00+00:00,27912.280000000002,27946.160000000003,27868.530000000002,27935.030000000002,88596
2026-07-27T16:00:00+00:00,27935.030000000002,28025.410000000003,27930.660000000003,27951.160000000003,76970
2026-07-27T16:15:00+00:00,27951.160000000003,28073.280000000002,27917.530000000002,28026.160000000003,88291
2026-07-27T16:30:00+00:00,28026.160000000003,28068.660000000003,27986.280000000002,28006.410000000003,78319
2026-07-27T16:45:00+00:00,28006.410000000003,28028.280000000002,27900.780000000002,27919.530000000002,67547
2026-07-27T17:00:00+00:00,27919.530000000002,27928.030000000002,27867.160000000003,27907.410000000003,55320
2026-07-27T17:15:00+00:00,27907.410000000003,27915.160000000003,27860.030000000002,27871.160000000003,57265
2026-07-27T17:30:00+00:00,27871.160000000003,27936.410000000003,27870.160000000003,27908.160000000003,53802
2026-07-27T17:45:00+00:00,27908.160000000003,27978.410000000003,27887.030000000002,27977.530000000002,50876
2026-07-27T18:00:00+00:00,27977.530000000002,27993.410000000003,27958.780000000002,27973.910000000003,49447
2026-07-27T18:15:00+00:00,27973.910000000003,27977.660000000003,27923.160000000003,27954.530000000002,49438
2026-07-27T18:30:00+00:00,27954.530000000002,27959.530000000002,27893.030000000002,27955.030000000002,46570
2026-07-27T18:45:00+00:00,27955.030000000002,28063.660000000003,27942.530000000002,28060.910000000003,55749
2026-07-27T19:00:00+00:00,28060.910000000003,28104.410000000003,28038.780000000002,28074.280000000002,47919
2026-07-27T19:15:00+00:00,28074.280000000002,28115.910000000003,28068.280000000002,28115.910000000003,29079
2026-07-27T19:30:00+00:00,28115.910000000003,28126.910000000003,28045.280000000002,28049.280000000002,35225
2026-07-27T19:45:00+00:00,28049.280000000002,28077.660000000003,28028.660000000003,28065.160000000003,55236
2026-07-27T20:00:00+00:00,28065.160000000003,28091.510000000002,28041.630000000005,28063.260000000002,18419
2026-07-27T20:15:00+00:00,28063.260000000002,28066.880000000005,28046.380000000005,28066.760000000002,8434
2026-07-27T20:30:00+00:00,28066.760000000002,28103.130000000005,28064.260000000002,28080.130000000005,8803
2026-07-27T20:45:00+00:00,28080.130000000005,28083.580000000005,28059.880000000005,28082.700000000004,7371
2026-07-27T22:00:00+00:00,28082.700000000004,28101.860000000004,28030.480000000003,28032.480000000003,8040
2026-07-27T22:15:00+00:00,28032.480000000003,28041.980000000003,28000.860000000004,28003.110000000004,7407
2026-07-27T22:30:00+00:00,28003.110000000004,28029.480000000003,27999.610000000004,28007.230000000003,6481
2026-07-27T22:45:00+00:00,28007.230000000003,28022.610000000004,27999.980000000003,28007.230000000003,4959
2026-07-27T23:00:00+00:00,28007.230000000003,28025.860000000004,27980.230000000003,28004.610000000004,8169
2026-07-27T23:15:00+00:00,28004.610000000004,28037.110000000004,27992.610000000004,28035.860000000004,6303
2026-07-27T23:30:00+00:00,28035.860000000004,28035.860000000004,28004.610000000004,28006.980000000003,6181
2026-07-27T23:45:00+00:00,28006.980000000003,28051.980000000003,27995.610000000004,28037.480000000003,23395
2026-07-28T00:00:00+00:00,28037.480000000003,28068.860000000004,27969.610000000004,27985.480000000003,41656
2026-07-28T00:15:00+00:00,27985.480000000003,28006.110000000004,27944.360000000004,27978.860000000004,38205
2026-07-28T00:30:00+00:00,27978.860000000004,28012.860000000004,27935.110000000004,27995.110000000004,38690
2026-07-28T00:45:00+00:00,27995.110000000004,27995.110000000004,27931.110000000004,27945.860000000004,30178
2026-07-28T01:00:00+00:00,27945.860000000004,27952.360000000004,27844.110000000004,27867.230000000003,34407
2026-07-28T01:15:00+00:00,27867.230000000003,27952.360000000004,27861.360000000004,27933.730000000003,27372
2026-07-28T01:30:00+00:00,27933.730000000003,27971.110000000004,27921.480000000003,27954.110000000004,27916
2026-07-28T01:45:00+00:00,27954.110000000004,27968.860000000004,27882.730000000003,27895.230000000003,28097
2026-07-28T02:00:00+00:00,27895.230000000003,27898.110000000004,27859.610000000004,27870.480000000003,24343
2026-07-28T02:15:00+00:00,27870.480000000003,27904.610000000004,27847.230000000003,27861.980000000003,24368
2026-07-28T02:30:00+00:00,27861.980000000003,27862.730000000003,27826.110000000004,27845.860000000004,23534
2026-07-28T02:45:00+00:00,27845.860000000004,27881.360000000004,27830.730000000003,27866.980000000003,24280
2026-07-28T03:00:00+00:00,27866.980000000003,27871.230000000003,27807.610000000004,27842.610000000004,20214
2026-07-28T03:15:00+00:00,27842.610000000004,27920.480000000003,27838.980000000003,27860.980000000003,24329
2026-07-28T03:30:00+00:00,27860.980000000003,27937.230000000003,27826.480000000003,27930.980000000003,30116
2026-07-28T03:45:00+00:00,27930.980000000003,27945.110000000004,27901.480000000003,27923.110000000004,26329
2026-07-28T04:00:00+00:00,27923.110000000004,27923.110000000004,27852.980000000003,27859.730000000003,21429
2026-07-28T04:15:00+00:00,27859.730000000003,27890.860000000004,27844.980000000003,27847.730000000003,20007
2026-07-28T04:30:00+00:00,27847.730000000003,27857.480000000003,27835.610000000004,27849.730000000003,19093
2026-07-28T04:45:00+00:00,27849.730000000003,27877.230000000003,27826.110000000004,27830.360000000004,20234
2026-07-28T05:00:00+00:00,27830.360000000004,27857.480000000003,27817.480000000003,27821.360000000004,22906
2026-07-28T05:15:00+00:00,27821.360000000004,27830.610000000004,27789.860000000004,27794.230000000003,17920
2026-07-28T05:30:00+00:00,27794.230000000003,27798.110000000004,27751.110000000004,27772.110000000004,19838
2026-07-28T05:45:00+00:00,27772.110000000004,27798.730000000003,27746.360000000004,27755.110000000004,17526
2026-07-28T06:00:00+00:00,27755.110000000004,27775.860000000004,27714.230000000003,27719.610000000004,21660
2026-07-28T06:15:00+00:00,27719.610000000004,27780.980000000003,27719.610000000004,27775.860000000004,21677
2026-07-28T06:30:00+00:00,27775.860000000004,27810.730000000003,27767.230000000003,27792.980000000003,20663
2026-07-28T06:45:00+00:00,27792.980000000003,27831.480000000003,27777.110000000004,27821.230000000003,15947
2026-07-28T07:00:00+00:00,27821.230000000003,27854.480000000003,27809.230000000003,27846.730000000003,25192
2026-07-28T07:15:00+00:00,27846.730000000003,27862.480000000003,27812.980000000003,27817.980000000003,20096
2026-07-28T07:30:00+00:00,27817.980000000003,27836.110000000004,27802.360000000004,27814.360000000004,18618
2026-07-28T07:45:00+00:00,27814.360000000004,27828.230000000003,27782.980000000003,27807.730000000003,20649
2026-07-28T08:00:00+00:00,27807.730000000003,27822.360000000004,27754.730000000003,27763.480000000003,29711
2026-07-28T08:15:00+00:00,27763.480000000003,27881.610000000004,27759.110000000004,27876.980000000003,28884
2026-07-28T08:30:00+00:00,27876.980000000003,27921.110000000004,27849.480000000003,27911.980000000003,22052
2026-07-28T08:45:00+00:00,27911.980000000003,27925.360000000004,27861.610000000004,27868.360000000004,18409
2026-07-28T09:00:00+00:00,27868.360000000004,27889.110000000004,27856.980000000003,27863.610000000004,19056
2026-07-28T09:15:00+00:00,27863.610000000004,27890.610000000004,27859.980000000003,27887.610000000004,16972
2026-07-28T09:30:00+00:00,27887.610000000004,27887.610000000004,27842.110000000004,27847.110000000004,15668
2026-07-28T09:45:00+00:00,27847.110000000004,27855.730000000003,27816.730000000003,27831.230000000003,13193
2026-07-28T10:00:00+00:00,27831.230000000003,27839.480000000003,27821.860000000004,27826.860000000004,15194
2026-07-28T10:15:00+00:00,27826.860000000004,27843.730000000003,27807.860000000004,27842.360000000004,16058
2026-07-28T10:30:00+00:00,27842.360000000004,27853.730000000003,27779.980000000003,27806.730000000003,19966
2026-07-28T10:45:00+00:00,27806.730000000003,27825.230000000003,27800.980000000003,27818.480000000003,17654
2026-07-28T11:00:00+00:00,27818.480000000003,27826.430000000004,27739.480000000003,27744.860000000004,29404
2026-07-28T11:15:00+00:00,27744.860000000004,27832.230000000003,27743.860000000004,27757.980000000003,26986
2026-07-28T11:30:00+00:00,27757.980000000003,27797.610000000004,27724.360000000004,27749.110000000004,24106
2026-07-28T11:45:00+00:00,27749.110000000004,27847.860000000004,27735.860000000004,27837.610000000004,21827
2026-07-28T12:00:00+00:00,27837.610000000004,27875.230000000003,27824.480000000003,27838.230000000003,22930
2026-07-28T12:15:00+00:00,27838.230000000003,27892.230000000003,27823.730000000003,27884.230000000003,23136
2026-07-28T12:30:00+00:00,27884.230000000003,27901.610000000004,27830.980000000003,27884.730000000003,24912
2026-07-28T12:45:00+00:00,27884.730000000003,27906.610000000004,27853.230000000003,27868.230000000003,22759
2026-07-28T13:00:00+00:00,27868.230000000003,27901.110000000004,27848.730000000003,27875.730000000003,26208
2026-07-28T13:15:00+00:00,27875.730000000003,27902.730000000003,27813.360000000004,27825.980000000003,32212
2026-07-28T13:30:00+00:00,27825.980000000003,27865.380000000005,27604.630000000005,27624.510000000002,154508
2026-07-28T13:45:00+00:00,27624.510000000002,27671.880000000005,27519.510000000002,27537.680000000004,152813
2026-07-28T14:00:00+00:00,27537.680000000004,27667.010000000002,27484.010000000002,27505.010000000002,150687
2026-07-28T14:15:00+00:00,27505.010000000002,27590.630000000005,27479.880000000005,27580.510000000002,139974
2026-07-28T14:30:00+00:00,27580.510000000002,27666.630000000005,27545.260000000002,27647.260000000002,126197
2026-07-28T14:45:00+00:00,27647.260000000002,27764.380000000005,27620.510000000002,27676.510000000002,93803
2026-07-28T15:00:00+00:00,27676.510000000002,27755.010000000002,27642.880000000005,27728.880000000005,103118
2026-07-28T15:15:00+00:00,27728.880000000005,27884.630000000005,27712.760000000002,27839.630000000005,82856
2026-07-28T15:30:00+00:00,27839.630000000005,27909.010000000002,27825.130000000005,27906.260000000002,64197
2026-07-28T15:45:00+00:00,27906.260000000002,27936.630000000005,27886.760000000002,27922.260000000002,57820
2026-07-28T16:00:00+00:00,27922.260000000002,27943.010000000002,27872.760000000002,27882.380000000005,52951
2026-07-28T16:15:00+00:00,27882.380000000005,27919.760000000002,27861.010000000002,27869.260000000002,42332
2026-07-28T16:30:00+00:00,27869.260000000002,27918.130000000005,27829.510000000002,27907.630000000005,50133
2026-07-28T16:45:00+00:00,27907.630000000005,27953.510000000002,27867.880000000005,27932.010000000002,46235
2026-07-28T17:00:00+00:00,27932.010000000002,27940.010000000002,27844.510000000002,27862.760000000002,48834
2026-07-28T17:15:00+00:00,27862.760000000002,27919.760000000002,27848.510000000002,27871.510000000002,45768
2026-07-28T17:30:00+00:00,27871.510000000002,27916.260000000002,27824.510000000002,27829.260000000002,38986
2026-07-28T17:45:00+00:00,27829.260000000002,27859.630000000005,27800.510000000002,27847.510000000002,42037
2026-07-28T18:00:00+00:00,27847.510000000002,27873.760000000002,27790.260000000002,27792.010000000002,42640
2026-07-28T18:15:00+00:00,27792.010000000002,27821.630000000005,27789.010000000002,27801.260000000002,40193
2026-07-28T18:30:00+00:00,27801.260000000002,27837.380000000005,27796.010000000002,27812.760000000002,44447
2026-07-28T18:45:00+00:00,27812.760000000002,27853.760000000002,27804.510000000002,27847.510000000002,38470
2026-07-28T19:00:00+00:00,27847.510000000002,27896.010000000002,27847.510000000002,27862.630000000005,40047
2026-07-28T19:15:00+00:00,27862.630000000005,27895.260000000002,27840.260000000002,27892.260000000002,36123
2026-07-28T19:30:00+00:00,27892.260000000002,27897.760000000002,27816.760000000002,27828.760000000002,43810
2026-07-28T19:45:00+00:00,27828.760000000002,27860.760000000002,27788.260000000002,27796.380000000005,52016
2026-07-28T20:00:00+00:00,27796.380000000005,27840.360000000004,27758.930000000004,27793.360000000004,22893
2026-07-28T20:15:00+00:00,27793.360000000004,27865.110000000004,27785.360000000004,27851.860000000004,13127
2026-07-28T20:30:00+00:00,27851.860000000004,27858.230000000003,27811.480000000003,27822.480000000003,11508
2026-07-28T20:45:00+00:00,27822.480000000003,27837.110000000004,27810.230000000003,27835.310000000005,8534
2026-07-28T22:00:00+00:00,27835.310000000005,27893.570000000003,27831.020000000004,27851.950000000004,8095
2026-07-28T22:15:00+00:00,27851.950000000004,27858.320000000003,27787.020000000004,27821.020000000004,9642
2026-07-28T22:30:00+00:00,27821.020000000004,27822.070000000003,27736.520000000004,27741.270000000004,10880
2026-07-28T22:45:00+00:00,27741.270000000004,27742.820000000003,27637.200000000004,27637.200000000004,17102
2026-07-28T23:00:00+00:00,27637.200000000004,27734.770000000004,27614.770000000004,27721.270000000004,17682
2026-07-28T23:15:00+00:00,27721.270000000004,27770.700000000004,27690.020000000004,27770.200000000004,13428
2026-07-28T23:30:00+00:00,27770.200000000004,27903.270000000004,27764.700000000004,27895.770000000004,13007
2026-07-28T23:45:00+00:00,27895.770000000004,27983.950000000004,27870.770000000004,27982.070000000003,24394
2026-07-29T00:00:00+00:00,27982.070000000003,28053.520000000004,27957.320000000003,28020.270000000004,32958
2026-07-29T00:15:00+00:00,28020.270000000004,28039.020000000004,27932.570000000003,27954.270000000004,29621
2026-07-29T00:30:00+00:00,27954.270000000004,27959.950000000004,27898.950000000004,27948.950000000004,29159
2026-07-29T00:45:00+00:00,27948.950000000004,27963.520000000004,27881.200000000004,27890.070000000003,27166
2026-07-29T01:00:00+00:00,27890.070000000003,27920.820000000003,27792.070000000003,27800.520000000004,37036
2026-07-29T01:15:00+00:00,27800.520000000004,27876.950000000004,27777.070000000003,27852.820000000003,30745
2026-07-29T01:30:00+00:00,27852.820000000003,27860.020000000004,27758.770000000004,27758.950000000004,34071
2026-07-29T01:45:00+00:00,27758.950000000004,27771.070000000003,27664.570000000003,27667.020000000004,28496
2026-07-29T02:00:00+00:00,27667.020000000004,27748.200000000004,27651.320000000003,27724.950000000004,37189
2026-07-29T02:15:00+00:00,27724.950000000004,27775.570000000003,27676.270000000004,27775.070000000003,27952
2026-07-29T02:30:00+00:00,27775.070000000003,27791.320000000003,27739.200000000004,27766.020000000004,23845
2026-07-29T02:45:00+00:00,27766.020000000004,27769.570000000003,27703.570000000003,27719.570000000003,19738
2026-07-29T03:00:00+00:00,27719.570000000003,27760.950000000004,27669.070000000003,27709.200000000004,28577
2026-07-29T03:15:00+00:00,27709.200000000004,27719.950000000004,27656.070000000003,27657.070000000003,20426
2026-07-29T03:30:00+00:00,27657.070000000003,27672.570000000003,27622.450000000004,27652.450000000004,22197
2026-07-29T03:45:00+00:00,27652.450000000004,27665.950000000004,27582.320000000003,27596.950000000004,17236
2026-07-29T04:00:00+00:00,27596.950000000004,27602.570000000003,27556.950000000004,27571.700000000004,26046
2026-07-29T04:15:00+00:00,27571.700000000004,27592.700000000004,27528.320000000003,27564.200000000004,34849
2026-07-29T04:30:00+00:00,27564.200000000004,27599.320000000003,27527.820000000003,27527.820000000003,35802
2026-07-29T04:45:00+00:00,27527.820000000003,27638.820000000003,27521.070000000003,27636.700000000004,30604
2026-07-29T05:00:00+00:00,27636.700000000004,27713.820000000003,27616.450000000004,27712.820000000003,30975
2026-07-29T05:15:00+00:00,27712.820000000003,27713.320000000003,27652.820000000003,27693.570000000003,23668
2026-07-29T05:30:00+00:00,27693.570000000003,27733.320000000003,27666.020000000004,27705.320000000003,26052
2026-07-29T05:45:00+00:00,27705.320000000003,27722.070000000003,27670.320000000003,27674.950000000004,22787
2026-07-29T06:00:00+00:00,27674.950000000004,27678.320000000003,27616.950000000004,27644.570000000003,23628
2026-07-29T06:15:00+00:00,27644.570000000003,27691.200000000004,27635.450000000004,27689.700000000004,18936
2026-07-29T06:30:00+00:00,27689.700000000004,27792.820000000003,27689.700000000004,27788.320000000003,16816
2026-07-29T06:45:00+00:00,27788.320000000003,27821.450000000004,27774.700000000004,27809.320000000003,12931
2026-07-29T07:00:00+00:00,27809.320000000003,27825.820000000003,27778.070000000003,27802.700000000004,20076
2026-07-29T07:15:00+00:00,27802.700000000004,27831.820000000003,27785.700000000004,27826.450000000004,16569
2026-07-29T07:30:00+00:00,27826.450000000004,27841.450000000004,27800.950000000004,27800.950000000004,12076
2026-07-29T07:45:00+00:00,27800.950000000004,27803.450000000004,27771.320000000003,27786.950000000004,14025
2026-07-29T08:00:00+00:00,27786.950000000004,27803.950000000004,27737.450000000004,27740.450000000004,22465
2026-07-29T08:15:00+00:00,27740.450000000004,27764.450000000004,27699.950000000004,27721.200000000004,18077
2026-07-29T08:30:00+00:00,27721.200000000004,27808.950000000004,27710.070000000003,27803.450000000004,17038
2026-07-29T08:45:00+00:00,27803.450000000004,27818.320000000003,27776.070000000003,27783.200000000004,14154
2026-07-29T09:00:00+00:00,27783.200000000004,27857.820000000003,27780.820000000003,27857.320000000003,14236
2026-07-29T09:15:00+00:00,27857.320000000003,27865.200000000004,27831.450000000004,27856.520000000004,14479
2026-07-29T09:30:00+00:00,27856.520000000004,27891.700000000004,27837.570000000003,27880.700000000004,14103
2026-07-29T09:45:00+00:00,27880.700000000004,27940.200000000004,27879.950000000004,27898.950000000004,15257
2026-07-29T10:00:00+00:00,27898.950000000004,27924.450000000004,27884.950000000004,27890.450000000004,15575
2026-07-29T10:15:00+00:00,27890.450000000004,27904.570000000003,27867.820000000003,27897.320000000003,14131
2026-07-29T10:30:00+00:00,27897.320000000003,27902.820000000003,27835.950000000004,27848.450000000004,15548
2026-07-29T10:45:00+00:00,27848.450000000004,27850.700000000004,27812.200000000004,27828.570000000003,14826
2026-07-29T11:00:00+00:00,27828.570000000003,27883.950000000004,27814.950000000004,27872.450000000004,19095
2026-07-29T11:15:00+00:00,27872.450000000004,27903.570000000003,27864.200000000004,27880.200000000004,15993
2026-07-29T11:30:00+00:00,27880.200000000004,27888.070000000003,27841.450000000004,27846.450000000004,15890
2026-07-29T11:45:00+00:00,27846.450000000004,27883.950000000004,27837.450000000004,27883.320000000003,17222
2026-07-29T12:00:00+00:00,27883.320000000003,27887.070000000003,27815.820000000003,27821.200000000004,18433
2026-07-29T12:15:00+00:00,27821.200000000004,27828.200000000004,27733.950000000004,27749.570000000003,34045
2026-07-29T12:30:00+00:00,27749.570000000003,27798.570000000003,27725.820000000003,27791.950000000004,22827
2026-07-29T12:45:00+00:00,27791.950000000004,27810.950000000004,27783.950000000004,27789.320000000003,18985
2026-07-29T13:00:00+00:00,27789.320000000003,27797.700000000004,27751.200000000004,27753.450000000004,25487
2026-07-29T13:15:00+00:00,27753.450000000004,27819.070000000003,27737.200000000004,27795.950000000004,27643
2026-07-29T13:30:00+00:00,27795.950000000004,27875.970000000005,27719.600000000002,27797.720000000005,158549
2026-07-29T13:45:00+00:00,27797.720000000005,27828.470000000005,27549.350000000002,27612.850000000002,141490
2026-07-29T14:00:00+00:00,27612.850000000002,27706.970000000005,27517.720000000005,27528.970000000005,146525
2026-07-29T14:15:00+00:00,27528.970000000005,27575.220000000005,27420.850000000002,27453.720000000005,137076
2026-07-29T14:30:00+00:00,27453.720000000005,27532.470000000005,27393.220000000005,27419.220000000005,117881
2026-07-29T14:45:00+00:00,27419.220000000005,27493.970000000005,27399.970000000005,27480.970000000005,112949
2026-07-29T15:00:00+00:00,27480.970000000005,27536.850000000002,27447.220000000005,27458.100000000002,109550
2026-07-29T15:15:00+00:00,27458.100000000002,27503.970000000005,27430.350000000002,27435.600000000002,101122
2026-07-29T15:30:00+00:00,27435.600000000002,27476.470000000005,27399.850000000002,27416.850000000002,77327
2026-07-29T15:45:00+00:00,27416.850000000002,27446.350000000002,27346.470000000005,27398.350000000002,72369
2026-07-29T16:00:00+00:00,27398.350000000002,27420.470000000005,27300.970000000005,27300.970000000005,62302
2026-07-29T16:15:00+00:00,27300.970000000005,27436.970000000005,27290.850000000002,27432.220000000005,61325
2026-07-29T16:30:00+00:00,27432.220000000005,27466.470000000005,27366.970000000005,27385.600000000002,62506
2026-07-29T16:45:00+00:00,27385.600000000002,27484.350000000002,27371.600000000002,27484.350000000002,63724
2026-07-29T17:00:00+00:00,27484.350000000002,27617.850000000002,27478.970000000005,27616.100000000002,60756
2026-07-29T17:15:00+00:00,27616.100000000002,27629.850000000002,27532.850000000002,27533.220000000005,61630
2026-07-29T17:30:00+00:00,27533.220000000005,27574.970000000005,27510.850000000002,27560.720000000005,59468
2026-07-29T17:45:00+00:00,27560.720000000005,27608.220000000005,27537.100000000002,27596.020000000004,39708
2026-07-29T18:00:00+00:00,27596.020000000004,27768.220000000005,27596.020000000004,27680.220000000005,111662
2026-07-29T18:15:00+00:00,27680.220000000005,27723.720000000005,27609.720000000005,27656.850000000002,93968
2026-07-29T18:30:00+00:00,27656.850000000002,27867.220000000005,27590.470000000005,27856.350000000002,110001
2026-07-29T18:45:00+00:00,27856.350000000002,27976.720000000005,27842.720000000005,27937.970000000005,110176
2026-07-29T19:00:00+00:00,27937.970000000005,27979.220000000005,27722.470000000005,27786.600000000002,128693
2026-07-29T19:15:00+00:00,27786.600000000002,27819.100000000002,27523.350000000002,27589.850000000002,129561
2026-07-29T19:30:00+00:00,27589.850000000002,27622.720000000005,27340.600000000002,27353.970000000005,139905
2026-07-29T19:45:00+00:00,27353.970000000005,27388.970000000005,27200.220000000005,27212.770000000004,123457
2026-07-29T20:00:00+00:00,27212.770000000004,27240.520000000004,27088.020000000004,27179.770000000004,47999
2026-07-29T20:15:00+00:00,27179.770000000004,27218.270000000004,27089.520000000004,27122.520000000004,23315
2026-07-29T20:30:00+00:00,27122.520000000004,27210.820000000003,27087.950000000004,27192.520000000004,14642
2026-07-29T20:45:00+00:00,27192.520000000004,27201.570000000003,27139.770000000004,27139.900000000005,10931
2026-07-29T22:00:00+00:00,27139.900000000005,27377.390000000003,27101.890000000003,27325.690000000002,17766
2026-07-29T22:15:00+00:00,27325.690000000002,27372.940000000002,27286.640000000003,27324.440000000002,14901
2026-07-29T22:30:00+00:00,27324.440000000002,27354.570000000003,27302.640000000003,27348.140000000003,10751
2026-07-29T22:45:00+00:00,27348.140000000003,27368.190000000002,27311.640000000003,27340.320000000003,10073
2026-07-29T23:00:00+00:00,27340.320000000003,27413.440000000002,27336.390000000003,27366.890000000003,11366
2026-07-29T23:15:00+00:00,27366.890000000003,27429.940000000002,27359.390000000003,27423.440000000002,9747
2026-07-29T23:30:00+00:00,27423.440000000002,27448.440000000002,27391.570000000003,27412.570000000003,11129
2026-07-29T23:45:00+00:00,27412.570000000003,27444.070000000003,27386.940000000002,27411.940000000002,30902
2026-07-30T00:00:00+00:00,27411.940000000002,27496.940000000002,27363.940000000002,27469.190000000002,57046
2026-07-30T00:15:00+00:00,27469.190000000002,27492.190000000002,27440.570000000003,27484.070000000003,53062
2026-07-30T00:30:00+00:00,27484.070000000003,27499.320000000003,27379.320000000003,27396.820000000003,39020
2026-07-30T00:45:00+00:00,27396.820000000003,27438.070000000003,27380.690000000002,27436.570000000003,42874
2026-07-30T01:00:00+00:00,27436.570000000003,27548.070000000003,27425.320000000003,27459.820000000003,42613
2026-07-30T01:15:00+00:00,27459.820000000003,27537.320000000003,27453.940000000002,27528.690000000002,42987
2026-07-30T01:30:00+00:00,27528.690000000002,27583.320000000003,27525.440000000002,27566.820000000003,29397
2026-07-30T01:45:00+00:00,27566.820000000003,27585.940000000002,27538.070000000003,27540.820000000003,28404
2026-07-30T02:00:00+00:00,27540.820000000003,27576.820000000003,27520.070000000003,27526.570000000003,32751
2026-07-30T02:15:00+00:00,27526.570000000003,27540.570000000003,27493.690000000002,27502.190000000002,28336
2026-07-30T02:30:00+00:00,27502.190000000002,27502.440000000002,27450.570000000003,27499.440000000002,23264
2026-07-30T02:45:00+00:00,27499.440000000002,27519.070000000003,27429.320000000003,27431.320000000003,25733
2026-07-30T03:00:00+00:00,27431.320000000003,27466.320000000003,27376.070000000003,27388.320000000003,25570
2026-07-30T03:15:00+00:00,27388.320000000003,27412.570000000003,27361.570000000003,27406.190000000002,24693
2026-07-30T03:30:00+00:00,27406.190000000002,27447.070000000003,27371.190000000002,27420.570000000003,34787
2026-07-30T03:45:00+00:00,27420.570000000003,27452.570000000003,27407.940000000002,27420.690000000002,28452
2026-07-30T04:00:00+00:00,27420.690000000002,27433.190000000002,27371.440000000002,27375.440000000002,27064
2026-07-30T04:15:00+00:00,27375.440000000002,27431.440000000002,27350.570000000003,27424.570000000003,27373
2026-07-30T04:30:00+00:00,27424.570000000003,27433.320000000003,27351.570000000003,27360.820000000003,27577
2026-07-30T04:45:00+00:00,27360.820000000003,27400.940000000002,27325.070000000003,27337.070000000003,25738
2026-07-30T05:00:00+00:00,27337.070000000003,27347.190000000002,27311.320000000003,27347.190000000002,29763
2026-07-30T05:15:00+00:00,27347.190000000002,27388.940000000002,27343.320000000003,27368.070000000003,32998
2026-07-30T05:30:00+00:00,27368.070000000003,27416.320000000003,27355.190000000002,27410.320000000003,36009
2026-07-30T05:45:00+00:00,27410.320000000003,27435.690000000002,27354.440000000002,27377.940000000002,25240
2026-07-30T06:00:00+00:00,27377.940000000002,27395.820000000003,27349.320000000003,27358.570000000003,31537
2026-07-30T06:15:00+00:00,27358.570000000003,27388.070000000003,27337.690000000002,27371.690000000002,20850
2026-07-30T06:30:00+00:00,27371.690000000002,27374.690000000002,27324.190000000002,27325.940000000002,16732
2026-07-30T06:45:00+00:00,27325.940000000002,27353.440000000002,27306.940000000002,27325.070000000003,17079
2026-07-30T07:00:00+00:00,27325.070000000003,27411.070000000003,27306.440000000002,27366.820000000003,36581
2026-07-30T07:15:00+00:00,27366.820000000003,27372.820000000003,27285.940000000002,27299.320000000003,28925
2026-07-30T07:30:00+00:00,27299.320000000003,27337.940000000002,27243.570000000003,27322.440000000002,25706
2026-07-30T07:45:00+00:00,27322.440000000002,27333.070000000003,27280.570000000003,27283.890000000003,20880
2026-07-30T08:00:00+00:00,27283.890000000003,27345.690000000002,27227.940000000002,27327.440000000002,27894
2026-07-30T08:15:00+00:00,27327.440000000002,27404.940000000002,27314.690000000002,27390.570000000003,23294
2026-07-30T08:30:00+00:00,27390.570000000003,27409.190000000002,27371.190000000002,27377.070000000003,21620
2026-07-30T08:45:00+00:00,27377.070000000003,27392.690000000002,27343.690000000002,27367.690000000002,17412
2026-07-30T09:00:00+00:00,27367.690000000002,27437.070000000003,27353.440000000002,27416.890000000003,18817
2026-07-30T09:15:00+00:00,27416.890000000003,27457.320000000003,27408.890000000003,27436.440000000002,18442
2026-07-30T09:30:00+00:00,27436.440000000002,27468.190000000002,27421.190000000002,27426.820000000003,15753
2026-07-30T09:45:00+00:00,27426.820000000003,27438.070000000003,27397.690000000002,27399.070000000003,15281
2026-07-30T10:00:00+00:00,27399.070000000003,27446.570000000003,27371.320000000003,27425.690000000002,18824
2026-07-30T10:15:00+00:00,27425.690000000002,27509.320000000003,27423.690000000002,27500.190000000002,18978
2026-07-30T10:30:00+00:00,27500.190000000002,27528.690000000002,27489.690000000002,27514.070000000003,18814
2026-07-30T10:45:00+00:00,27514.070000000003,27530.190000000002,27493.820000000003,27500.690000000002,14784
2026-07-30T11:00:00+00:00,27500.690000000002,27568.820000000003,27495.640000000003,27548.690000000002,21910
2026-07-30T11:15:00+00:00,27548.690000000002,27603.820000000003,27543.940000000002,27597.320000000003,16156
2026-07-30T11:30:00+00:00,27597.320000000003,27609.190000000002,27557.440000000002,27583.940000000002,19241
2026-07-30T11:45:00+00:00,27583.940000000002,27627.570000000003,27583.440000000002,27607.320000000003,17904
2026-07-30T12:00:00+00:00,27607.320000000003,27647.570000000003,27578.820000000003,27644.070000000003,22848
2026-07-30T12:15:00+00:00,27644.070000000003,27648.320000000003,27597.440000000002,27620.890000000003,21109
2026-07-30T12:30:00+00:00,27620.890000000003,27685.320000000003,27598.190000000002,27659.440000000002,35188
2026-07-30T12:45:00+00:00,27659.440000000002,27702.190000000002,27645.690000000002,27688.690000000002,36858
2026-07-30T13:00:00+00:00,27688.690000000002,27758.940000000002,27677.190000000002,27722.940000000002,36684
2026-07-30T13:15:00+00:00,27722.940000000002,27764.820000000003,27714.570000000003,27759.690000000002,33427
2026-07-30T13:30:00+00:00,27759.690000000002,27878.840000000004,27697.090000000004,27860.720000000005,163317
2026-07-30T13:45:00+00:00,27860.720000000005,28036.590000000004,27857.470000000005,28034.720000000005,129054
2026-07-30T14:00:00+00:00,28034.720000000005,28065.720000000005,27950.970000000005,27991.470000000005,130212
2026-07-30T14:15:00+00:00,27991.470000000005,28121.970000000005,27963.970000000005,28109.720000000005,115076
2026-07-30T14:30:00+00:00,28109.720000000005,28127.840000000004,28044.470000000005,28057.720000000005,105041
2026-07-30T14:45:00+00:00,28057.720000000005,28077.720000000005,27906.970000000005,27954.090000000004,117088
2026-07-30T15:00:00+00:00,27954.090000000004,28018.840000000004,27895.840000000004,27907.470000000005,126498
2026-07-30T15:15:00+00:00,27907.470000000005,27980.970000000005,27880.340000000004,27893.090000000004,114508
2026-07-30T15:30:00+00:00,27893.090000000004,27990.590000000004,27885.220000000005,27972.970000000005,102388
2026-07-30T15:45:00+00:00,27972.970000000005,28015.470000000005,27932.720000000005,27962.340000000004,75930
2026-07-30T16:00:00+00:00,27962.340000000004,28072.720000000005,27942.720000000005,28069.220000000005,67821
2026-07-30T16:15:00+00:00,28069.220000000005,28075.220000000005,28023.720000000005,28028.840000000004,52868
2026-07-30T16:30:00+00:00,28028.840000000004,28032.840000000004,27940.720000000005,27951.470000000005,57211
2026-07-30T16:45:00+00:00,27951.470000000005,28018.720000000005,27949.720000000005,28009.470000000005,50132
2026-07-30T17:00:00+00:00,28009.470000000005,28066.470000000005,28009.470000000005,28042.220000000005,43112
2026-07-30T17:15:00+00:00,28042.220000000005,28089.840000000004,28039.840000000004,28052.220000000005,36862
2026-07-30T17:30:00+00:00,28052.220000000005,28080.470000000005,28022.340000000004,28070.720000000005,43705
2026-07-30T17:45:00+00:00,28070.720000000005,28089.970000000005,28048.840000000004,28060.970000000005,36585
2026-07-30T18:00:00+00:00,28060.970000000005,28087.840000000004,28051.470000000005,28083.720000000005,32974
2026-07-30T18:15:00+00:00,28083.720000000005,28086.220000000005,28045.720000000005,28065.470000000005,29773
2026-07-30T18:30:00+00:00,28065.470000000005,28081.970000000005,28032.220000000005,28050.220000000005,30890
2026-07-30T18:45:00+00:00,28050.220000000005,28071.720000000005,28037.720000000005,28064.090000000004,26173
2026-07-30T19:00:00+00:00,28064.090000000004,28176.720000000005,28064.090000000004,28157.840000000004,34800
2026-07-30T19:15:00+00:00,28157.840000000004,28180.340000000004,28125.340000000004,28127.090000000004,31268
2026-07-30T19:30:00+00:00,28127.090000000004,28140.220000000005,28102.720000000005,28115.470000000005,37258
2026-07-30T19:45:00+00:00,28115.470000000005,28143.470000000005,28086.340000000004,28106.970000000005,63632
2026-07-30T20:00:00+00:00,28106.970000000005,28235.890000000003,28088.890000000003,28207.820000000003,30556
2026-07-30T20:15:00+00:00,28207.820000000003,28251.320000000003,28205.890000000003,28246.890000000003,14157
2026-07-30T20:30:00+00:00,28246.890000000003,28282.890000000003,28194.390000000003,28243.440000000002,22899
2026-07-30T20:45:00+00:00,28243.440000000002,28245.820000000003,28205.820000000003,28215.640000000003,11262
2026-07-30T22:00:00+00:00,28215.640000000003,28292.060000000005,28187.510000000002,28263.010000000002,14930
2026-07-30T22:15:00+00:00,28263.010000000002,28285.310000000005,28230.010000000002,28233.690000000002,13028
2026-07-30T22:30:00+00:00,28233.690000000002,28283.940000000002,28211.190000000002,28282.440000000002,11780
2026-07-30T22:45:00+00:00,28282.440000000002,28288.560000000005,28271.810000000005,28273.190000000002,7784
2026-07-30T23:00:00+00:00,28273.190000000002,28303.310000000005,28257.060000000005,28263.810000000005,9116
2026-07-30T23:15:00+00:00,28263.810000000005,28270.810000000005,28243.060000000005,28257.560000000005,5974
2026-07-30T23:30:00+00:00,28257.560000000005,28294.560000000005,28241.190000000002,28284.810000000005,8050
2026-07-30T23:45:00+00:00,28284.810000000005,28324.440000000002,28270.940000000002,28302.310000000005,14121
2026-07-31T00:00:00+00:00,28302.310000000005,28354.690000000002,28276.690000000002,28346.560000000005,26912
2026-07-31T00:15:00+00:00,28346.560000000005,28366.810000000005,28326.810000000005,28361.440000000002,20821
2026-07-31T00:30:00+00:00,28361.440000000002,28388.560000000005,28359.940000000002,28378.440000000002,18596
2026-07-31T00:45:00+00:00,28378.440000000002,28402.940000000002,28348.190000000002,28401.310000000005,17225
2026-07-31T01:00:00+00:00,28401.310000000005,28448.560000000005,28401.310000000005,28439.560000000005,16094
2026-07-31T01:15:00+00:00,28439.560000000005,28450.810000000005,28422.440000000002,28429.190000000002,12700
2026-07-31T01:30:00+00:00,28429.190000000002,28437.440000000002,28368.690000000002,28376.560000000005,22456
2026-07-31T01:45:00+00:00,28376.560000000005,28378.060000000005,28334.810000000005,28356.060000000005,22336
2026-07-31T02:00:00+00:00,28356.060000000005,28378.060000000005,28312.810000000005,28316.560000000005,19122
2026-07-31T02:15:00+00:00,28316.560000000005,28316.690000000002,28280.560000000005,28301.940000000002,16895
2026-07-31T02:30:00+00:00,28301.940000000002,28311.060000000005,28269.060000000005,28299.560000000005,15824
2026-07-31T02:45:00+00:00,28299.560000000005,28316.690000000002,28277.310000000005,28311.440000000002,14631
2026-07-31T03:00:00+00:00,28311.440000000002,28314.440000000002,28277.190000000002,28297.440000000002,18700
2026-07-31T03:15:00+00:00,28297.440000000002,28354.940000000002,28296.440000000002,28342.940000000002,16549
2026-07-31T03:30:00+00:00,28342.940000000002,28356.690000000002,28331.690000000002,28341.560000000005,21472
2026-07-31T03:45:00+00:00,28341.560000000005,28349.440000000002,28307.440000000002,28337.310000000005,19891
2026-07-31T04:00:00+00:00,28337.310000000005,28345.940000000002,28302.310000000005,28341.810000000005,15431
2026-07-31T04:15:00+00:00,28341.810000000005,28390.440000000002,28331.940000000002,28389.940000000002,12588
2026-07-31T04:30:00+00:00,28389.940000000002,28431.560000000005,28386.810000000005,28429.690000000002,11065
2026-07-31T04:45:00+00:00,28429.690000000002,28435.560000000005,28414.810000000005,28428.690000000002,9333
2026-07-31T05:00:00+00:00,28428.690000000002,28448.690000000002,28417.940000000002,28436.690000000002,10217
2026-07-31T05:15:00+00:00,28436.690000000002,28459.310000000005,28431.440000000002,28452.560000000005,9332
2026-07-31T05:30:00+00:00,28452.560000000005,28464.560000000005,28420.440000000002,28430.440000000002,14992
2026-07-31T05:45:00+00:00,28430.440000000002,28469.690000000002,28428.310000000005,28465.190000000002,10475
2026-07-31T06:00:00+00:00,28465.190000000002,28490.190000000002,28455.690000000002,28486.060000000005,11600
2026-07-31T06:15:00+00:00,28486.060000000005,28489.560000000005,28460.060000000005,28468.560000000005,9978
2026-07-31T06:30:00+00:00,28468.560000000005,28471.560000000005,28336.810000000005,28363.810000000005,20449
2026-07-31T06:45:00+00:00,28363.810000000005,28388.190000000002,28329.690000000002,28365.190000000002,15074
2026-07-31T07:00:00+00:00,28365.190000000002,28421.810000000005,28334.810000000005,28414.690000000002,23801
2026-07-31T07:15:00+00:00,28414.690000000002,28452.190000000002,28386.690000000002,28425.810000000005,18794
2026-07-31T07:30:00+00:00,28425.810000000005,28452.940000000002,28414.060000000005,28445.190000000002,17416
2026-07-31T07:45:00+00:00,28445.190000000002,28462.560000000005,28421.810000000005,28452.810000000005,14819
2026-07-31T08:00:00+00:00,28452.810000000005,28469.560000000005,28403.690000000002,28456.690000000002,28971
2026-07-31T08:15:00+00:00,28456.690000000002,28487.810000000005,28444.060000000005,28477.690000000002,20627
2026-07-31T08:30:00+00:00,28477.690000000002,28489.810000000005,28440.940000000002,28447.190000000002,16057
2026-07-31T08:45:00+00:00,28447.190000000002,28485.940000000002,28442.310000000005,28481.810000000005,16016
2026-07-31T09:00:00+00:00,28481.810000000005,28519.560000000005,28476.560000000005,28507.690000000002,18369
2026-07-31T09:15:00+00:00,28507.690000000002,28510.440000000002,28463.940000000002,28468.310000000005,13455
2026-07-31T09:30:00+00:00,28468.310000000005,28469.810000000005,28412.940000000002,28431.940000000002,14677
2026-07-31T09:45:00+00:00,28431.940000000002,28448.190000000002,28409.190000000002,28410.190000000002,15581
2026-07-31T10:00:00+00:00,28410.190000000002,28443.310000000005,28399.010000000002,28434.690000000002,14797
2026-07-31T10:15:00+00:00,28434.690000000002,28457.940000000002,28425.940000000002,28451.810000000005,9851
2026-07-31T10:30:00+00:00,28451.810000000005,28461.560000000005,28441.190000000002,28457.310000000005,12578
2026-07-31T10:45:00+00:00,28457.310000000005,28468.690000000002,28431.690000000002,28443.560000000005,11692
2026-07-31T11:00:00+00:00,28443.560000000005,28504.560000000005,28443.440000000002,28474.940000000002,18757
2026-07-31T11:15:00+00:00,28474.940000000002,28478.440000000002,28428.440000000002,28433.440000000002,23929
2026-07-31T11:30:00+00:00,28433.440000000002,28439.190000000002,28401.810000000005,28416.440000000002,20541
2026-07-31T11:45:00+00:00,28416.440000000002,28439.190000000002,28411.190000000002,28432.940000000002,18304
2026-07-31T12:00:00+00:00,28432.940000000002,28434.440000000002,28356.810000000005,28359.690000000002,21449
2026-07-31T12:15:00+00:00,28359.690000000002,28384.560000000005,28328.810000000005,28375.760000000002,19800
2026-07-31T12:30:00+00:00,28375.760000000002,28381.310000000005,28312.310000000005,28332.060000000005,27413
2026-07-31T12:45:00+00:00,28332.060000000005,28369.440000000002,28316.940000000002,28347.560000000005,21402
2026-07-31T13:00:00+00:00,28347.560000000005,28409.440000000002,28336.060000000005,28408.690000000002,23172
2026-07-31T13:15:00+00:00,28408.690000000002,28462.190000000002,28408.690000000002,28456.310000000005,30915
2026-07-31T13:30:00+00:00,28456.310000000005,28604.840000000004,28296.340000000004,28298.460000000003,160979
2026-07-31T13:45:00+00:00,28298.460000000003,28350.460000000003,28176.460000000003,28236.510000000002,167786
2026-07-31T14:00:00+00:00,28236.510000000002,28268.260000000002,27981.340000000004,28017.210000000003,161401
2026-07-31T14:15:00+00:00,28017.210000000003,28136.210000000003,27960.210000000003,28130.210000000003,154691
2026-07-31T14:30:00+00:00,28130.210000000003,28174.210000000003,28091.460000000003,28148.590000000004,137565
2026-07-31T14:45:00+00:00,28148.590000000004,28224.210000000003,28118.340000000004,28186.960000000003,122091
2026-07-31T15:00:00+00:00,28186.960000000003,28221.210000000003,28095.590000000004,28149.710000000003,118587
2026-07-31T15:15:00+00:00,28149.710000000003,28217.710000000003,28002.210000000003,28030.590000000004,116110
2026-07-31T15:30:00+00:00,28030.590000000004,28139.840000000004,27995.460000000003,28092.460000000003,114040
2026-07-31T15:45:00+00:00,28092.460000000003,28173.840000000004,28043.510000000002,28153.590000000004,98475
2026-07-31T16:00:00+00:00,28153.590000000004,28187.840000000004,28125.590000000004,28180.090000000004,73904
2026-07-31T16:15:00+00:00,28180.090000000004,28243.340000000004,28137.340000000004,28243.340000000004,66675
2026-07-31T16:30:00+00:00,28243.340000000004,28267.840000000004,28193.590000000004,28201.090000000004,56064
2026-07-31T16:45:00+00:00,28201.090000000004,28269.090000000004,28188.340000000004,28246.590000000004,55488
2026-07-31T17:00:00+00:00,28246.590000000004,28289.590000000004,28240.090000000004,28282.340000000004,42724
2026-07-31T17:15:00+00:00,28282.340000000004,28355.840000000004,28275.460000000003,28341.590000000004,36160
2026-07-31T17:30:00+00:00,28341.590000000004,28382.090000000004,28323.340000000004,28335.340000000004,41013
2026-07-31T17:45:00+00:00,28335.340000000004,28354.590000000004,28295.960000000003,28307.960000000003,48401
2026-07-31T18:00:00+00:00,28307.960000000003,28338.960000000003,28275.460000000003,28282.460000000003,54051
2026-07-31T18:15:00+00:00,28282.460000000003,28325.090000000004,28277.840000000004,28301.590000000004,41711
2026-07-31T18:30:00+00:00,28301.590000000004,28326.840000000004,28295.340000000004,28311.840000000004,32971
2026-07-31T18:45:00+00:00,28311.840000000004,28341.210000000003,28296.340000000004,28313.460000000003,32249
2026-07-31T19:00:00+00:00,28313.460000000003,28337.340000000004,28285.590000000004,28312.340000000004,39657
2026-07-31T19:15:00+00:00,28312.340000000004,28377.210000000003,28306.210000000003,28354.960000000003,40758
2026-07-31T19:30:00+00:00,28354.960000000003,28361.960000000003,28314.090000000004,28356.460000000003,44449
2026-07-31T19:45:00+00:00,28356.460000000003,28402.840000000004,28265.710000000003,28282.340000000004,69046
2026-07-31T20:00:00+00:00,28282.340000000004,28312.060000000005,28220.560000000005,28272.690000000002,32211
2026-07-31T20:15:00+00:00,28272.690000000002,28277.69,28247.94,28257.44,12047
2026-07-31T20:30:00+00:00,28257.44,28281.06,28242.06,28267.390000000003,7596
2026-08-02T22:00:00+00:00,28267.390000000003,28534.77,28267.390000000003,28516.77,15511
2026-08-02T22:15:00+00:00,28516.77,28525.77,28475.52,28506.77,12549
2026-08-02T22:30:00+00:00,28506.77,28517.52,28488.59,28493.640000000003,6600
2026-08-02T22:45:00+00:00,28493.640000000003,28498.390000000003,28454.27,28463.27,6414
2026-08-02T23:00:00+00:00,28463.27,28483.14,28438.89,28450.77,7511
2026-08-02T23:15:00+00:00,28450.77,28488.64,28447.39,28478.27,5652
2026-08-02T23:30:00+00:00,28478.27,28501.39,28468.77,28498.77,5509
2026-08-02T23:45:00+00:00,28498.77,28530.02,28466.02,28507.39,17739
2026-08-03T00:00:00+00:00,28507.39,28508.02,28450.59,28503.64,34372
2026-08-03T00:15:00+00:00,28503.64,28523.52,28432.14,28448.89,31683
2026-08-03T00:30:00+00:00,28448.89,28504.14,28436.02,28477.14,26833
2026-08-03T00:45:00+00:00,28477.14,28519.52,28465.89,28515.39,25656
2026-08-03T01:00:00+00:00,28515.39,28527.77,28478.27,28485.77,23917
2026-08-03T01:15:00+00:00,28485.77,28508.52,28458.64,28501.77,18892
2026-08-03T01:30:00+00:00,28501.77,28523.14,28472.77,28523.14,18359
2026-08-03T01:45:00+00:00,28523.14,28543.14,28512.14,28538.02,12491
2026-08-03T02:00:00+00:00,28538.02,28561.52,28525.14,28555.89,13848
2026-08-03T02:15:00+00:00,28555.89,28574.14,28529.39,28533.02,11078
2026-08-03T02:30:00+00:00,28533.02,28563.02,28528.39,28538.52,10806
2026-08-03T02:45:00+00:00,28538.52,28559.64,28533.39,28554.77,7848
2026-08-03T03:00:00+00:00,28554.77,28569.14,28551.27,28557.89,7431
2026-08-03T03:15:00+00:00,28557.89,28569.64,28535.39,28540.14,8223
2026-08-03T03:30:00+00:00,28540.14,28567.64,28534.52,28565.89,12254
2026-08-03T03:45:00+00:00,28565.89,28591.52,28559.14,28563.89,8800
2026-08-03T04:00:00+00:00,28563.89,28566.39,28546.39,28555.02,8897
2026-08-03T04:15:00+00:00,28555.02,28582.14,28554.27,28576.14,6396
2026-08-03T04:30:00+00:00,28576.14,28579.27,28561.02,28568.39,6762
2026-08-03T04:45:00+00:00,28568.39,28580.89,28542.39,28545.02,7012
2026-08-03T05:00:00+00:00,28545.02,28560.64,28527.39,28532.64,8265
2026-08-03T05:15:00+00:00,28532.64,28541.64,28516.52,28532.39,8143
2026-08-03T05:30:00+00:00,28532.39,28543.27,28523.02,28528.64,10859
2026-08-03T05:45:00+00:00,28528.64,28539.14,28511.64,28535.02,8975
2026-08-03T06:00:00+00:00,28535.02,28554.39,28525.14,28535.27,10400
2026-08-03T06:15:00+00:00,28535.27,28545.02,28512.02,28518.89,10349
2026-08-03T06:30:00+00:00,28518.89,28539.27,28504.02,28504.02,8542
2026-08-03T06:45:00+00:00,28504.02,28511.77,28469.77,28487.27,7289
2026-08-03T07:00:00+00:00,28487.27,28527.52,28457.52,28511.77,15659
2026-08-03T07:15:00+00:00,28511.77,28523.89,28462.89,28497.14,16766
2026-08-03T07:30:00+00:00,28497.14,28509.27,28454.14,28456.77,12476
2026-08-03T07:45:00+00:00,28456.77,28482.64,28452.39,28480.89,10979
2026-08-03T08:00:00+00:00,28480.89,28484.77,28413.14,28455.89,16317
2026-08-03T08:15:00+00:00,28455.89,28457.89,28367.27,28381.27,16954
2026-08-03T08:30:00+00:00,28381.27,28448.27,28366.52,28429.39,14854
2026-08-03T08:45:00+00:00,28429.39,28488.64,28421.14,28487.39,12391
2026-08-03T09:00:00+00:00,28487.39,28493.27,28437.27,28452.14,13769
2026-08-03T09:15:00+00:00,28452.14,28475.27,28441.27,28450.14,10808
2026-08-03T09:30:00+00:00,28450.14,28470.27,28437.52,28438.52,13462
2026-08-03T09:45:00+00:00,28438.52,28456.27,28415.02,28452.02,11186
2026-08-03T10:00:00+00:00,28452.02,28458.14,28419.39,28420.27,11463
2026-08-03T10:15:00+00:00,28420.27,28433.52,28383.14,28402.64,14535
2026-08-03T10:30:00+00:00,28402.64,28425.27,28383.52,28421.14,10343
2026-08-03T10:45:00+00:00,28421.14,28438.64,28409.39,28435.27,10058
2026-08-03T11:00:00+00:00,28435.27,28440.39,28361.52,28381.52,22980
2026-08-03T11:15:00+00:00,28381.52,28406.14,28362.52,28362.52,16087
2026-08-03T11:30:00+00:00,28362.52,28405.77,28344.14,28368.39,18819
2026-08-03T11:45:00+00:00,28368.39,28370.39,28297.64,28314.64,18397
2026-08-03T12:00:00+00:00,28314.64,28329.02,28277.02,28328.64,21476
2026-08-03T12:15:00+00:00,28328.64,28355.27,28316.14,28343.02,18225
2026-08-03T12:30:00+00:00,28343.02,28381.02,28331.39,28380.77,19397
2026-08-03T12:45:00+00:00,28380.77,28384.39,28335.64,28353.27,20658
2026-08-03T13:00:00+00:00,28353.27,28371.02,28334.27,28354.02,29257
2026-08-03T13:15:00+00:00,28354.02,28385.64,28290.64,28314.39,31614
2026-08-03T13:30:00+00:00,28314.39,28433.54,28208.67,28386.34,136131
2026-08-03T13:45:00+00:00,28386.34,28520.09,28337.92,28518.54,111810
2026-08-03T14:00:00+00:00,28518.54,28518.54,28425.17,28465.17,125052
2026-08-03T14:15:00+00:00,28465.17,28577.67,28454.04,28572.17,94060
2026-08-03T14:30:00+00:00,28572.17,28627.79,28555.92,28600.04,64007
2026-08-03T14:45:00+00:00,28600.04,28697.04,28595.67,28695.54,59286
2026-08-03T15:00:00+00:00,28695.54,28695.67,28641.92,28651.04,53846
2026-08-03T15:15:00+00:00,28651.04,28692.04,28618.29,28627.29,51964
2026-08-03T15:30:00+00:00,28627.29,28682.17,28626.29,28676.17,52377
2026-08-03T15:45:00+00:00,28676.17,28706.17,28670.42,28686.29,37379
2026-08-03T16:00:00+00:00,28686.29,28714.54,28684.29,28708.67,32081
2026-08-03T16:15:00+00:00,28708.67,28741.04,28707.04,28730.67,24787
2026-08-03T16:30:00+00:00,28730.67,28738.29,28706.17,28727.92,26600
2026-08-03T16:45:00+00:00,28727.92,28736.92,28713.92,28716.04,23924
2026-08-03T17:00:00+00:00,28716.04,28756.79,28708.42,28752.17,24860
2026-08-03T17:15:00+00:00,28752.17,28783.79,28749.79,28779.54,17987
2026-08-03T17:30:00+00:00,28779.54,28787.79,28769.04,28779.54,18848
2026-08-03T17:45:00+00:00,28779.54,28815.54,28778.79,28811.42,17318
2026-08-03T18:00:00+00:00,28811.42,28857.54,28811.42,28834.04,23924
2026-08-03T18:15:00+00:00,28834.04,28852.67,28784.67,28786.04,24792
2026-08-03T18:30:00+00:00,28786.04,28808.04,28777.42,28807.29,29050
2026-08-03T18:45:00+00:00,28807.29,28819.67,28787.17,28801.29,24225
2026-08-03T19:00:00+00:00,28801.29,28837.54,28789.42,28793.79,28947
2026-08-03T19:15:00+00:00,28793.79,28818.79,28793.29,28807.04,23507
2026-08-03T19:30:00+00:00,28807.04,28819.79,28793.92,28809.04,27939
2026-08-03T19:45:00+00:00,28809.04,28829.54,28760.42,28794.79,45075
2026-08-03T20:00:00+00:00,28794.79,28810.52,28772.64,28804.77,14523
2026-08-03T20:15:00+00:00,28804.77,28835.02,28804.27,28807.27,5486
2026-08-03T20:30:00+00:00,28807.27,28825.27,28803.39,28823.14,4251
2026-08-03T20:45:00+00:00,28823.14,28825.02,28808.39,28823.59,3656
2026-08-03T22:00:00+00:00,28823.59,28844.67,28812.87,28822.92,4957
2026-08-03T22:15:00+00:00,28822.92,28842.42,28822.8,28837.42,2038
2026-08-03T22:30:00+00:00,28837.42,28856.05,28828.05,28851.8,2710
2026-08-03T22:45:00+00:00,28851.8,28851.8,28836.05,28839.8,2478
2026-08-03T23:00:00+00:00,28839.8,28842.3,28825.3,28832.17,1881
2026-08-03T23:15:00+00:00,28832.17,28851.3,28832.05,28842.8,1897
2026-08-03T23:30:00+00:00,28842.8,28853.67,28828.67,28835.42,2051
2026-08-03T23:45:00+00:00,28835.42,28865.8,28834.3,28865.42,9401
2026-08-04T00:00:00+00:00,28865.42,28870.67,28822.42,28825.8,23995
2026-08-04T00:15:00+00:00,28825.8,28827.8,28795.42,28800.55,17253
2026-08-04T00:30:00+00:00,28800.55,28800.55,28759.3,28785.17,15364
2026-08-04T00:45:00+00:00,28785.17,28802.17,28763.3,28773.17,20740
2026-08-04T01:00:00+00:00,28773.17,28773.17,28726.17,28754.92,22401
2026-08-04T01:15:00+00:00,28754.92,28796.8,28746.3,28796.8,15397
2026-08-04T01:30:00+00:00,28796.8,28837.05,28793.8,28836.92,19383
2026-08-04T01:45:00+00:00,28836.92,28942.17,28836.42,28935.55,17898
2026-08-04T02:00:00+00:00,28935.55,28939.05,28863.05,28865.55,25671
2026-08-04T02:15:00+00:00,28865.55,28872.05,28837.67,28843.55,23696
2026-08-04T02:30:00+00:00,28843.55,28887.8,28842.92,28879.8,18905
2026-08-04T02:45:00+00:00,28879.8,28886.05,28855.3,28867.42,16972
2026-08-04T03:00:00+00:00,28867.42,28886.3,28827.42,28837.3,18243
2026-08-04T03:15:00+00:00,28837.3,28879.67,28826.92,28871.3,18386
2026-08-04T03:30:00+00:00,28871.3,28897.92,28852.92,28862.17,20465
2026-08-04T03:45:00+00:00,28862.17,28899.92,28852.42,28890.05,13814
2026-08-04T04:00:00+00:00,28890.05,28900.8,28862.8,28871.3,14992
2026-08-04T04:15:00+00:00,28871.3,28910.67,28869.05,28901.92,11702
2026-08-04T04:30:00+00:00,28901.92,28908.67,28890.17,28893.8,11609
2026-08-04T04:45:00+00:00,28893.8,28917.8,28889.05,28910.17,12551
2026-08-04T05:00:00+00:00,28910.17,28916.05,28873.42,28882.17,17082
2026-08-04T05:15:00+00:00,28882.17,28923.8,28877.55,28920.55,14929
2026-08-04T05:30:00+00:00,28920.55,28968.92,28919.42,28952.3,14604
2026-08-04T05:45:00+00:00,28952.3,28968.8,28937.92,28967.42,14220
2026-08-04T06:00:00+00:00,28967.42,28986.67,28962.3,28983.8,12335
2026-08-04T06:15:00+00:00,28983.8,28992.8,28971.05,28976.3,10412
2026-08-04T06:30:00+00:00,28976.3,28983.3,28937.17,28949.17,10477
2026-08-04T06:45:00+00:00,28949.17,28967.8,28946.3,28967.42,7765
2026-08-04T07:00:00+00:00,28967.42,28994.92,28932.8,28963.92,26991
2026-08-04T07:15:00+00:00,28963.92,29002.8,28957.92,28993.67,16708
2026-08-04T07:30:00+00:00,28993.67,29012.17,28969.05,28975.92,13441
2026-08-04T07:45:00+00:00,28975.92,29003.55,28960.17,28965.92,12670
2026-08-04T08:00:00+00:00,28965.92,29017.92,28962.17,29003.05,24217
2026-08-04T08:15:00+00:00,29003.05,29026.17,28991.42,29005.8,18077
2026-08-04T08:30:00+00:00,29005.8,29005.8,28954.92,28963.55,19116
2026-08-04T08:45:00+00:00,28963.55,28971.55,28933.05,28963.3,16217
2026-08-04T09:00:00+00:00,28963.3,28963.3,28906.67,28927.8,17605
2026-08-04T09:15:00+00:00,28927.8,28939.92,28902.05,28939.67,16336
2026-08-04T09:30:00+00:00,28939.67,28975.17,28937.17,28971.17,10631
2026-08-04T09:45:00+00:00,28971.17,28979.92,28952.67,28972.17,11984
2026-08-04T10:00:00+00:00,28972.17,29005.67,28961.3,29000.42,12836
2026-08-04T10:15:00+00:00,29000.42,29009.67,28981.55,28990.17,11676
2026-08-04T10:30:00+00:00,28990.17,29022.92,28968.42,29016.05,16840
2026-08-04T10:45:00+00:00,29016.05,29036.92,28998.42,29010.55,23824
2026-08-04T11:00:00+00:00,29010.55,29043.55,29008.92,29038.55,22624
2026-08-04T11:15:00+00:00,29038.55,29065.42,29034.17,29064.55,16588
2026-08-04T11:30:00+00:00,29064.55,29105.42,29045.55,29097.87,19499
2026-08-04T11:45:00+00:00,29097.87,29139.67,29084.92,29131.67,29215
2026-08-04T12:00:00+00:00,29131.67,29131.67,29097.67,29100.42,21159
2026-08-04T12:15:00+00:00,29100.42,29127.92,29099.05,29116.3,15728
2026-08-04T12:30:00+00:00,29116.3,29120.3,29094.05,29114.05,16674
2026-08-04T12:45:00+00:00,29114.05,29116.42,29082.8,29097.05,14693
2026-08-04T13:00:00+00:00,29097.05,29128.8,29086.05,29125.3,19003
2026-08-04T13:15:00+00:00,29125.3,29174.05,29113.42,29129.05,30265
2026-08-04T13:30:00+00:00,29129.05,29346.7,29105.32,29305.95,114748
2026-08-04T13:45:00+00:00,29305.95,29397.2,29305.95,29359.82,97136
2026-08-04T14:00:00+00:00,29359.82,29438.32,29329.2,29435.32,80157
2026-08-04T14:15:00+00:00,29435.32,29457.45,29379.45,29454.45,79728
2026-08-04T14:30:00+00:00,29454.45,29461.45,29412.45,29451.95,69279
2026-08-04T14:45:00+00:00,29451.95,29454.7,29419.32,29444.2,52106
2026-08-04T15:00:00+00:00,29444.2,29519.32,29440.07,29513.95,42070
2026-08-04T15:15:00+00:00,29513.95,29557.57,29508.57,29534.2,34736
2026-08-04T15:30:00+00:00,29534.2,29575.95,29517.07,29571.57,37473
2026-08-04T15:45:00+00:00,29571.57,29591.32,29562.32,29566.2,31717
2026-08-04T16:00:00+00:00,29566.2,29593.82,29556.57,29569.57,30320
2026-08-04T16:15:00+00:00,29569.57,29614.57,29568.82,29601.2,24578
2026-08-04T16:30:00+00:00,29601.2,29626.07,29590.82,29620.95,23282
2026-08-04T16:45:00+00:00,29620.95,29639.32,29620.95,29637.95,20976
2026-08-04T17:00:00+00:00,29637.95,29693.95,29634.82,29691.45,27796
2026-08-04T17:15:00+00:00,29691.45,29719.95,29675.57,29713.32,27466
2026-08-04T17:30:00+00:00,29713.32,29759.57,29698.57,29759.07,24582
2026-08-04T17:45:00+00:00,29759.07,29792.32,29728.62,29728.62,41316
2026-08-04T18:00:00+00:00,29728.62,29754.45,29703.12,29754.07,48813
2026-08-04T18:15:00+00:00,29754.07,29774.32,29750.57,29773.82,29564
2026-08-04T18:30:00+00:00,29773.82,29787.57,29735.7,29748.7,30557
2026-08-04T18:45:00+00:00,29748.7,29789.82,29748.7,29776.2,30109
2026-08-04T19:00:00+00:00,29776.2,29828.57,29774.2,29821.57,31980
2026-08-04T19:15:00+00:00,29821.57,29839.82,29784.45,29794.32,32656
2026-08-04T19:30:00+00:00,29794.32,29845.57,29784.7,29844.57,34750
2026-08-04T19:45:00+00:00,29844.57,29851.07,29743.45,29767.07,58574
2026-08-04T20:00:00+00:00,29767.07,29843.05,29747.42,29808.87,19984
2026-08-04T20:15:00+00:00,29808.87,29808.87,29656.37,29686.42,41591
2026-08-04T20:30:00+00:00,29686.42,29711.3,29659.92,29692.17,23709
2026-08-04T20:45:00+00:00,29692.17,29720.8,29680.05,29713.87,17284
2026-08-04T22:00:00+00:00,29713.87,29729.16,29667.23,29727.91,7174
2026-08-04T22:15:00+00:00,29727.91,29736.41,29703.66,29725.53,7375
2026-08-04T22:30:00+00:00,29725.53,29733.53,29687.66,29692.66,8880
2026-08-04T22:45:00+00:00,29692.66,29719.78,29687.91,29719.03,7072
2026-08-04T23:00:00+00:00,29719.03,29736.91,29702.66,29730.91,7821
2026-08-04T23:15:00+00:00,29730.91,29737.91,29710.53,29717.16,4896
2026-08-04T23:30:00+00:00,29717.16,29735.78,29696.03,29735.16,7063
2026-08-04T23:45:00+00:00,29735.16,29749.16,29720.53,29728.03,12939
2026-08-05T00:00:00+00:00,29728.03,29755.53,29712.03,29749.78,25044
2026-08-05T00:15:00+00:00,29749.78,29756.16,29727.16,29754.78,15904
2026-08-05T00:30:00+00:00,29754.78,29768.78,29730.78,29731.03,12951
2026-08-05T00:45:00+00:00,29731.03,29754.16,29705.91,29741.28,17402
2026-08-05T01:00:00+00:00,29741.28,29753.66,29709.78,29733.03,19492
2026-08-05T01:15:00+00:00,29733.03,29734.03,29691.03,29711.91,19972
2026-08-05T01:30:00+00:00,29711.91,29736.91,29704.78,29726.03,19453
2026-08-05T01:45:00+00:00,29726.03,29772.66,29726.03,29762.03,13177
2026-08-05T02:00:00+00:00,29762.03,29780.53,29757.66,29763.66,13386
2026-08-05T02:15:00+00:00,29763.66,29768.53,29743.41,29746.41,13600
2026-08-05T02:30:00+00:00,29746.41,29754.53,29735.28,29751.28,13555
2026-08-05T02:45:00+00:00,29751.28,29767.03,29747.91,29752.78,12267
2026-08-05T03:00:00+00:00,29752.78,29781.91,29749.03,29776.53,11397
2026-08-05T03:15:00+00:00,29776.53,29784.41,29756.28,29756.28,9260
2026-08-05T03:30:00+00:00,29756.28,29783.66,29751.28,29777.78,10595
2026-08-05T03:45:00+00:00,29777.78,29786.16,29760.66,29782.03,7797
2026-08-05T04:00:00+00:00,29782.03,29790.53,29775.91,29776.66,8156
2026-08-05T04:15:00+00:00,29776.66,29776.78,29752.28,29763.78,8592
2026-08-05T04:30:00+00:00,29763.78,29801.66,29761.53,29797.41,8194
2026-08-05T04:45:00+00:00,29797.41,29808.91,29775.91,29795.41,7404
2026-08-05T05:00:00+00:00,29795.41,29831.03,29787.41,29829.41,10685
2026-08-05T05:15:00+00:00,29829.41,29841.16,29826.78,29829.53,8297
2026-08-05T05:30:00+00:00,29829.53,29837.03,29812.91,29834.16,10175
2026-08-05T05:45:00+00:00,29834.16,29877.78,29833.41,29873.16,6898
2026-08-05T06:00:00+00:00,29873.16,29882.41,29854.16,29874.28,9428
2026-08-05T06:15:00+00:00,29874.28,29875.66,29818.03,29821.66,13375
2026-08-05T06:30:00+00:00,29821.66,29857.03,29818.16,29832.28,10912
2026-08-05T06:45:00+00:00,29832.28,29863.03,29828.91,29861.66,9084
2026-08-05T07:00:00+00:00,29861.66,29879.16,29829.53,29842.03,18636
2026-08-05T07:15:00+00:00,29842.03,29845.66,29795.41,29799.41,15154
2026-08-05T07:30:00+00:00,29799.41,29812.03,29777.91,29779.41,14098
2026-08-05T07:45:00+00:00,29779.41,29805.16,29777.78,29795.91,10275
2026-08-05T08:00:00+00:00,29795.91,29817.91,29747.28,29756.53,18217
2026-08-05T08:15:00+00:00,29756.53,29765.91,29712.91,29727.28,19309
2026-08-05T08:30:00+00:00,29727.28,29736.03,29691.78,29705.28,18658
2026-08-05T08:45:00+00:00,29705.28,29735.91,29691.28,29729.53,15958
2026-08-05T09:00:00+00:00,29729.53,29745.78,29715.03,29725.78,15163
2026-08-05T09:15:00+00:00,29725.78,29756.28,29707.28,29754.66,13420
2026-08-05T09:30:00+00:00,29754.66,29781.16,29752.66,29775.41,11879
2026-08-05T09:45:00+00:00,29775.41,29786.28,29745.53,29750.66,12144
2026-08-05T10:00:00+00:00,29750.66,29763.78,29726.66,29732.53,12208
2026-08-05T10:15:00+00:00,29732.53,29758.03,29728.78,29750.66,9540
2026-08-05T10:30:00+00:00,29750.66,29763.78,29743.03,29749.53,11351
2026-08-05T10:45:00+00:00,29749.53,29762.28,29727.78,29756.28,14553
2026-08-05T11:00:00+00:00,29756.28,29813.41,29756.28,29796.41,18513
2026-08-05T11:15:00+00:00,29796.41,29815.53,29790.16,29793.28,13113
2026-08-05T11:30:00+00:00,29793.28,29823.66,29783.41,29811.03,14731
2026-08-05T11:45:00+00:00,29811.03,29835.66,29796.28,29812.03,15346
2026-08-05T12:00:00+00:00,29812.03,29818.03,29785.41,29811.66,20214
2026-08-05T12:15:00+00:00,29811.66,29831.78,29793.78,29827.28,17698
2026-08-05T12:30:00+00:00,29827.28,29838.91,29785.78,29835.41,18909
2026-08-05T12:45:00+00:00,29835.41,29838.28,29801.28,29807.78,16720
2026-08-05T13:00:00+00:00,29807.78,29841.53,29807.78,29821.66,19025
2026-08-05T13:15:00+00:00,29821.66,29870.16,29788.91,29867.53,25589
2026-08-05T13:30:00+00:00,29867.53,29948.43,29804.43,29939.48,174057
2026-08-05T13:45:00+00:00,29939.48,29964.68,29864.06,29942.93,139848
2026-08-05T14:00:00+00:00,29942.93,29942.93,29811.81,29891.18,154719
2026-08-05T14:15:00+00:00,29891.18,29918.31,29795.06,29807.93,140986
2026-08-05T14:30:00+00:00,29807.93,29810.43,29719.06,29754.68,128710
2026-08-05T14:45:00+00:00,29754.68,29797.56,29683.18,29740.81,111091
2026-08-05T15:00:00+00:00,29740.81,29783.18,29718.93,29732.31,94953
2026-08-05T15:15:00+00:00,29732.31,29741.81,29657.68,29701.93,83339
2026-08-05T15:30:00+00:00,29701.93,29752.93,29699.68,29712.68,69665
2026-08-05T15:45:00+00:00,29712.68,29712.68,29608.43,29631.43,62600
2026-08-05T16:00:00+00:00,29631.43,29658.06,29595.31,29625.31,87002
2026-08-05T16:15:00+00:00,29625.31,29724.31,29613.43,29722.31,56637
2026-08-05T16:30:00+00:00,29722.31,29732.31,29663.68,29681.56,59568
2026-08-05T16:45:00+00:00,29681.56,29717.81,29672.06,29702.31,46416
2026-08-05T17:00:00+00:00,29702.31,29712.06,29637.68,29660.31,55425
2026-08-05T17:15:00+00:00,29660.31,29674.93,29633.81,29647.31,48162
2026-08-05T17:30:00+00:00,29647.31,29671.06,29632.81,29650.18,39588
2026-08-05T17:45:00+00:00,29650.18,29667.06,29628.56,29649.81,32108
2026-08-05T18:00:00+00:00,29649.81,29678.18,29645.68,29655.31,33786
2026-08-05T18:15:00+00:00,29655.31,29674.43,29649.06,29669.43,28685
2026-08-05T18:30:00+00:00,29669.43,29669.43,29621.06,29635.06,33041
2026-08-05T18:45:00+00:00,29635.06,29657.81,29617.18,29619.31,24672
2026-08-05T19:00:00+00:00,29619.31,29670.81,29611.56,29666.81,31529
2026-08-05T19:15:00+00:00,29666.81,29672.06,29648.06,29649.56,25658
2026-08-05T19:30:00+00:00,29649.56,29655.81,29599.18,29604.31,34618
2026-08-05T19:45:00+00:00,29604.31,29617.73,29486.68,29500.56,52102
2026-08-05T20:00:00+00:00,29500.56,29510.66,29424.23,29497.16,34683
2026-08-05T20:15:00+00:00,29497.16,29510.03,29453.78,29463.16,13228
2026-08-05T20:30:00+00:00,29463.16,29494.78,29459.53,29491.16,7954
2026-08-05T20:45:00+00:00,29491.16,29498.78,29468.91,29485.86,7083
2026-08-05T22:00:00+00:00,29485.86,29492.51,29460.26,29468.56,7746
2026-08-05T22:15:00+00:00,29468.56,29533.94,29467.94,29524.06,8007
2026-08-05T22:30:00+00:00,29524.06,29566.31,29520.69,29551.19,5886
2026-08-05T22:45:00+00:00,29551.19,29574.94,29516.94,29518.94,6981
2026-08-05T23:00:00+00:00,29518.94,29532.06,29509.81,29527.06,5109
2026-08-05T23:15:00+00:00,29527.06,29545.81,29514.94,29525.44,4672
2026-08-05T23:30:00+00:00,29525.44,29532.69,29474.69,29483.94,8661
2026-08-05T23:45:00+00:00,29483.94,29485.69,29463.69,29480.44,13520
2026-08-06T00:00:00+00:00,29480.44,29497.81,29444.44,29477.56,32410
2026-08-06T00:15:00+00:00,29477.56,29505.06,29451.31,29457.56,26579
2026-08-06T00:30:00+00:00,29457.56,29484.19,29445.69,29456.44,22779
2026-08-06T00:45:00+00:00,29456.44,29474.94,29432.56,29435.69,20530
2026-08-06T01:00:00+00:00,29435.69,29436.94,29399.44,29419.06,25039
2026-08-06T01:15:00+00:00,29419.06,29419.56,29351.56,29370.81,22249
2026-08-06T01:30:00+00:00,29370.81,29404.19,29366.81,29371.94,24731
2026-08-06T01:45:00+00:00,29371.94,29415.19,29370.31,29395.06,23691
2026-08-06T02:00:00+00:00,29395.06,29453.44,29386.81,29438.19,21627
2026-08-06T02:15:00+00:00,29438.19,29474.81,29433.06,29445.31,18746
2026-08-06T02:30:00+00:00,29445.31,29514.69,29427.69,29513.56,16373
2026-08-06T02:45:00+00:00,29513.56,29517.44,29482.81,29490.31,15763
2026-08-06T03:00:00+00:00,29490.31,29505.56,29472.69,29475.44,14809
2026-08-06T03:15:00+00:00,29475.44,29482.31,29432.19,29439.69,14084
2026-08-06T03:30:00+00:00,29439.69,29460.06,29422.56,29450.44,21008
2026-08-06T03:45:00+00:00,29450.44,29480.31,29438.69,29477.94,17502
2026-08-06T04:00:00+00:00,29477.94,29480.31,29432.81,29453.44,15263
2026-08-06T04:15:00+00:00,29453.44,29493.69,29453.44,29482.69,14407
2026-08-06T04:30:00+00:00,29482.69,29497.06,29443.69,29452.69,16183
2026-08-06T04:45:00+00:00,29452.69,29473.56,29441.94,29472.06,16030
2026-08-06T05:00:00+00:00,29472.06,29493.06,29454.69,29478.31,20381
2026-08-06T05:15:00+00:00,29478.31,29490.19,29462.06,29476.44,19554
2026-08-06T05:30:00+00:00,29476.44,29480.31,29446.44,29479.69,17375
2026-08-06T05:45:00+00:00,29479.69,29480.69,29442.06,29475.94,16430
2026-08-06T06:00:00+00:00,29475.94,29477.19,29397.31,29403.19,18199
2026-08-06T06:15:00+00:00,29403.19,29445.44,29382.44,29443.81,16075
2026-08-06T06:30:00+00:00,29443.81,29445.31,29392.69,29402.19,12950
2026-08-06T06:45:00+00:00,29402.19,29423.81,29383.31,29418.19,13182
2026-08-06T07:00:00+00:00,29418.19,29459.56,29403.81,29448.19,22011
2026-08-06T07:15:00+00:00,29448.19,29459.19,29422.69,29434.19,15177
2026-08-06T07:30:00+00:00,29434.19,29438.56,29399.69,29414.69,15602
2026-08-06T07:45:00+00:00,29414.69,29434.94,29398.06,29403.44,14933
2026-08-06T08:00:00+00:00,29403.44,29422.19,29341.31,29357.06,24368
2026-08-06T08:15:00+00:00,29357.06,29409.81,29344.06,29405.31,22846
2026-08-06T08:30:00+00:00,29405.31,29429.31,29397.94,29400.31,16683
2026-08-06T08:45:00+00:00,29400.31,29420.69,29387.56,29414.69,15374
2026-08-06T09:00:00+00:00,29414.69,29415.06,29334.81,29345.56,15755
2026-08-06T09:15:00+00:00,29345.56,29389.81,29343.44,29379.69,14355
2026-08-06T09:30:00+00:00,29379.69,29395.69,29372.44,29385.44,13512
2026-08-06T09:45:00+00:00,29385.44,29426.94,29385.44,29423.31,11749
2026-08-06T10:00:00+00:00,29423.31,29430.56,29392.81,29400.81,11506
2026-08-06T10:15:00+00:00,29400.81,29422.69,29390.69,29413.94,12708
2026-08-06T10:30:00+00:00,29413.94,29416.19,29371.94,29376.69,10046
2026-08-06T10:45:00+00:00,29376.69,29389.81,29364.56,29381.81,11337
2026-08-06T11:00:00+00:00,29381.81,29381.81,29262.19,29316.19,29394
2026-08-06T11:15:00+00:00,29316.19,29371.06,29314.31,29365.81,19364
2026-08-06T11:30:00+00:00,29365.81,29411.69,29365.69,29390.69,19277
2026-08-06T11:45:00+00:00,29390.69,29407.44,29336.56,29363.44,23257
2026-08-06T12:00:00+00:00,29363.44,29371.94,29306.69,29308.56,23485
2026-08-06T12:15:00+00:00,29308.56,29347.81,29285.56,29327.51,19225
2026-08-06T12:30:00+00:00,29327.51,29358.81,29310.01,29328.56,20269
2026-08-06T12:45:00+00:00,29328.56,29335.56,29286.81,29297.19,21758
2026-08-06T13:00:00+00:00,29297.19,29300.44,29247.94,29247.94,27412
2026-08-06T13:15:00+00:00,29247.94,29263.56,29224.56,29232.06,32627
2026-08-06T13:30:00+00:00,29232.06,29370.21,29138.96,29355.46,170459
2026-08-06T13:45:00+00:00,29355.46,29446.96,29345.71,29424.71,143487
2026-08-06T14:00:00+00:00,29424.71,29515.96,29385.59,29505.34,117142
2026-08-06T14:15:00+00:00,29505.34,29563.34,29463.59,29482.84,110928
2026-08-06T14:30:00+00:00,29482.84,29547.34,29444.84,29479.96,109442
2026-08-06T14:45:00+00:00,29479.96,29555.96,29431.46,29554.21,104182
2026-08-06T15:00:00+00:00,29554.21,29583.21,29497.21,29543.46,89535
2026-08-06T15:15:00+00:00,29543.46,29559.71,29462.09,29505.21,96525
2026-08-06T15:30:00+00:00,29505.21,29523.46,29430.59,29432.71,79653
2026-08-06T15:45:00+00:00,29432.71,29521.34,29403.34,29412.34,82153
2026-08-06T16:00:00+00:00,29412.34,29438.84,29376.09,29385.09,76040
2026-08-06T16:15:00+00:00,29385.09,29401.21,29346.84,29368.59,79051
2026-08-06T16:30:00+00:00,29368.59,29424.46,29359.59,29375.59,62483
2026-08-06T16:45:00+00:00,29375.59,29454.84,29366.09,29454.09,56008
2026-08-06T17:00:00+00:00,29454.09,29471.09,29416.34,29421.59,52247
2026-08-06T17:15:00+00:00,29421.59,29448.34,29409.46,29424.84,45923
2026-08-06T17:30:00+00:00,29424.84,29439.84,29390.96,29406.96,41146
2026-08-06T17:45:00+00:00,29406.96,29429.34,29391.71,29425.71,38318
2026-08-06T18:00:00+00:00,29425.71,29442.96,29405.34,29440.09,37926
2026-08-06T18:15:00+00:00,29440.09,29472.59,29396.71,29454.21,41709
2026-08-06T18:30:00+00:00,29454.21,29457.34,29398.34,29418.09,31057
2026-08-06T18:45:00+00:00,29418.09,29433.96,29403.46,29411.96,31347
2026-08-06T19:00:00+00:00,29411.96,29467.21,29407.46,29433.09,33423
2026-08-06T19:15:00+00:00,29433.09,29448.09,29394.84,29404.59,36001
2026-08-06T19:30:00+00:00,29404.59,29442.09,29387.46,29401.34,38277
2026-08-06T19:45:00+00:00,29401.34,29432.46,29372.59,29394.71,53609
2026-08-06T20:00:00+00:00,29394.71,29447.69,29393.69,29433.06,20448
2026-08-06T20:15:00+00:00,29433.06,29445.31,29379.69,29390.06,13088
2026-08-06T20:30:00+00:00,29390.06,29401.31,29378.06,29391.19,8792
2026-08-06T20:45:00+00:00,29391.19,29402.14,29385.06,29400.88,6829
2026-08-06T22:00:00+00:00,29400.88,29478.08,29394.83,29472.33,4924
2026-08-06T22:15:00+00:00,29472.33,29478.63,29444.13,29449.88,4062
2026-08-06T22:30:00+00:00,29449.88,29462.01,29429.88,29453.88,6530
2026-08-06T22:45:00+00:00,29453.88,29468.01,29447.76,29465.51,3970
2026-08-06T23:00:00+00:00,29465.51,29470.26,29454.88,29458.51,3715
2026-08-06T23:15:00+00:00,29458.51,29496.51,29458.51,29473.63,5406
2026-08-06T23:30:00+00:00,29473.63,29488.51,29463.26,29482.38,4399
2026-08-06T23:45:00+00:00,29482.38,29502.01,29475.63,29494.88,11737
2026-08-07T00:00:00+00:00,29494.88,29518.88,29463.26,29474.38,26516
2026-08-07T00:15:00+00:00,29474.38,29475.63,29398.26,29413.38,27709
2026-08-07T00:30:00+00:00,29413.38,29474.51,29401.51,29440.51,22734
2026-08-07T00:45:00+00:00,29440.51,29473.13,29404.01,29461.63,21808
2026-08-07T01:00:00+00:00,29461.63,29481.63,29415.51,29425.01,26037
2026-08-07T01:15:00+00:00,29425.01,29434.51,29383.63,29429.13,20654
2026-08-07T01:30:00+00:00,29429.13,29480.88,29394.26,29421.88,29193
2026-08-07T01:45:00+00:00,29421.88,29439.63,29402.38,29426.63,27093
2026-08-07T02:00:00+00:00,29426.63,29448.38,29389.88,29430.76,22015
2026-08-07T02:15:00+00:00,29430.76,29441.76,29415.38,29425.13,15518
2026-08-07T02:30:00+00:00,29425.13,29427.88,29376.38,29399.38,16756
2026-08-07T02:45:00+00:00,29399.38,29435.38,29393.76,29426.51,12755
2026-08-07T03:00:00+00:00,29426.51,29446.76,29425.63,29430.01,10829
2026-08-07T03:15:00+00:00,29430.01,29433.88,29392.13,29403.76,12568
2026-08-07T03:30:00+00:00,29403.76,29422.63,29396.88,29406.63,16065
2026-08-07T03:45:00+00:00,29406.63,29412.26,29385.63,29388.38,10838
2026-08-07T04:00:00+00:00,29388.38,29400.51,29376.13,29378.38,12843
2026-08-07T04:15:00+00:00,29378.38,29416.88,29356.26,29408.51,13914
2026-08-07T04:30:00+00:00,29408.51,29424.63,29392.63,29395.26,12720
2026-08-07T04:45:00+00:00,29395.26,29413.51,29389.01,29409.76,9758
2026-08-07T05:00:00+00:00,29409.76,29456.63,29405.76,29438.13,13822
2026-08-07T05:15:00+00:00,29438.13,29454.63,29437.63,29447.26,11842
2026-08-07T05:30:00+00:00,29447.26,29450.63,29420.13,29433.88,11102
2026-08-07T05:45:00+00:00,29433.88,29438.63,29422.13,29422.88,10724
2026-08-07T06:00:00+00:00,29422.88,29464.01,29420.63,29459.01,12170
2026-08-07T06:15:00+00:00,29459.01,29483.51,29444.38,29480.51,10616
2026-08-07T06:30:00+00:00,29480.51,29481.76,29439.88,29445.51,11203
2026-08-07T06:45:00+00:00,29445.51,29454.76,29437.88,29452.88,7503
2026-08-07T07:00:00+00:00,29452.88,29491.88,29432.26,29491.88,17353
2026-08-07T07:15:00+00:00,29491.88,29492.51,29475.38,29487.88,11163
2026-08-07T07:30:00+00:00,29487.88,29491.38,29471.01,29483.63,12028
2026-08-07T07:45:00+00:00,29483.63,29488.88,29462.88,29483.88,10545
2026-08-07T08:00:00+00:00,29483.88,29526.38,29483.51,29524.76,14404
2026-08-07T08:15:00+00:00,29524.76,29529.38,29499.76,29524.51,12731
2026-08-07T08:30:00+00:00,29524.51,29547.13,29510.13,29526.51,11302
2026-08-07T08:45:00+00:00,29526.51,29538.13,29515.13,29533.01,10275
2026-08-07T09:00:00+00:00,29533.01,29547.88,29526.38,29541.76,10647
2026-08-07T09:15:00+00:00,29541.76,29549.38,29524.63,29534.01,9915
2026-08-07T09:30:00+00:00,29534.01,29547.13,29520.88,29529.01,8977
2026-08-07T09:45:00+00:00,29529.01,29535.88,29516.63,29517.88,10097
2026-08-07T10:00:00+00:00,29517.88,29528.13,29509.51,29509.51,11439
2026-08-07T10:15:00+00:00,29509.51,29521.51,29492.51,29521.01,8286
2026-08-07T10:30:00+00:00,29521.01,29525.13,29510.63,29522.26,8228
2026-08-07T10:45:00+00:00,29522.26,29523.51,29502.51,29507.38,8353
2026-08-07T11:00:00+00:00,29507.38,29548.01,29507.38,29537.76,13357
2026-08-07T11:15:00+00:00,29537.76,29561.26,29537.01,29553.38,10294
2026-08-07T11:30:00+00:00,29553.38,29569.63,29547.63,29566.01,10158
2026-08-07T11:45:00+00:00,29566.01,29566.76,29513.01,29514.51,11730
2026-08-07T12:00:00+00:00,29514.51,29571.51,29505.26,29558.88,15723
2026-08-07T12:15:00+00:00,29558.88,29584.63,29527.33,29564.58,14927
2026-08-07T12:30:00+00:00,29564.58,29713.63,29560.58,29702.13,43773
2026-08-07T12:45:00+00:00,29702.13,29767.13,29702.13,29743.76,25369
2026-08-07T13:00:00+00:00,29743.76,29750.51,29635.38,29640.76,33476
2026-08-07T13:15:00+00:00,29640.76,29644.88,29587.63,29613.26,34455
2026-08-07T13:30:00+00:00,29613.26,29712.91,29585.91,29688.53,171815
2026-08-07T13:45:00+00:00,29688.53,29717.91,29544.91,29579.91,163523
2026-08-07T14:00:00+00:00,29579.91,29609.91,29465.16,29484.66,150845
2026-08-07T14:15:00+00:00,29484.66,29679.41,29471.03,29662.53,133085
2026-08-07T14:30:00+00:00,29662.53,29674.28,29562.41,29577.41,122170
2026-08-07T14:45:00+00:00,29577.41,29632.91,29569.53,29621.16,104351
2026-08-07T15:00:00+00:00,29621.16,29682.91,29610.53,29660.41,73039
2026-08-07T15:15:00+00:00,29660.41,29729.16,29647.41,29726.66,53532
2026-08-07T15:30:00+00:00,29726.66,29755.03,29695.41,29712.16,52235
2026-08-07T15:45:00+00:00,29712.16,29743.28,29697.16,29714.28,48426
2026-08-07T16:00:00+00:00,29714.28,29730.28,29695.78,29701.41,44038
2026-08-07T16:15:00+00:00,29701.41,29718.41,29590.16,29614.41,58098
2026-08-07T16:30:00+00:00,29614.41,29660.66,29572.41,29654.78,65167
2026-08-07T16:45:00+00:00,29654.78,29680.78,29639.53,29640.16,38226
2026-08-07T17:00:00+00:00,29640.16,29668.41,29627.91,29636.16,40686
2026-08-07T17:15:00+00:00,29636.16,29664.66,29627.53,29648.28,32352
2026-08-07T17:30:00+00:00,29648.28,29664.53,29627.66,29646.03,29480
2026-08-07T17:45:00+00:00,29646.03,29659.28,29636.16,29644.03,23714
2026-08-07T18:00:00+00:00,29644.03,29654.78,29613.91,29621.28,25476
2026-08-07T18:15:00+00:00,29621.28,29634.53,29604.78,29607.399999999998,25569
2026-08-07T18:30:00+00:00,29607.399999999998,29625.899999999998,29581.149999999998,29582.899999999998,27366
2026-08-07T18:45:00+00:00,29582.899999999998,29626.03,29578.649999999998,29626.03,24451
2026-08-07T19:00:00+00:00,29626.03,29711.149999999998,29625.45,29701.399999999998,34458
2026-08-07T19:15:00+00:00,29701.399999999998,29723.899999999998,29693.649999999998,29712.399999999998,34384
2026-08-07T19:30:00+00:00,29712.399999999998,29712.649999999998,29675.149999999998,29681.03,33664
2026-08-07T19:45:00+00:00,29681.03,29761.399999999998,29680.03,29736.149999999998,40034
2026-08-07T20:00:00+00:00,29736.149999999998,29751.379999999997,29706.629999999997,29721.129999999997,16606
2026-08-07T20:15:00+00:00,29721.129999999997,29730,29704.13,29705.26,5959
2026-08-07T20:30:00+00:00,29705.26,29724.13,29702.88,29714.710000000003,4018
2026-08-09T22:00:00+00:00,29714.710000000003,29801.18,29714.710000000003,29732.81,14562
2026-08-09T22:15:00+00:00,29732.81,29759.93,29711.13,29744.31,10513
2026-08-09T22:30:00+00:00,29744.31,29758.56,29719.38,29742.18,7950
2026-08-09T22:45:00+00:00,29742.18,29756.81,29736.43,29749.68,4740
2026-08-09T23:00:00+00:00,29749.68,29781.81,29739.13,29766.81,5936
2026-08-09T23:15:00+00:00,29766.81,29786.93,29762.06,29769.18,5041
2026-08-09T23:30:00+00:00,29769.18,29771.31,29740.56,29768.31,7581
2026-08-09T23:45:00+00:00,29768.31,29778.56,29733.81,29735.18,14214
2026-08-10T00:00:00+00:00,29735.18,29811.31,29702.63,29797.68,22201
2026-08-10T00:15:00+00:00,29797.68,29804.43,29744.31,29751.68,22618
2026-08-10T00:30:00+00:00,29751.68,29770.06,29705.31,29712.18,20656
2026-08-10T00:45:00+00:00,29712.18,29736.06,29694.63,29707.93,23387
2026-08-10T01:00:00+00:00,29707.93,29759.93,29697.13,29758.06,23957
2026-08-10T01:15:00+00:00,29758.06,29788.06,29751.43,29770.06,18143
2026-08-10T01:30:00+00:00,29770.06,29786.43,29746.93,29781.06,21893
2026-08-10T01:45:00+00:00,29781.06,29800.06,29777.18,29790.31,14792
2026-08-10T02:00:00+00:00,29790.31,29797.81,29774.81,29778.06,15622
2026-08-10T02:15:00+00:00,29778.06,29778.93,29758.43,29774.81,11541
2026-08-10T02:30:00+00:00,29774.81,29795.81,29754.06,29795.06,11767
2026-08-10T02:45:00+00:00,29795.06,29804.68,29786.31,29786.68,8388
2026-08-10T03:00:00+00:00,29786.68,29797.06,29774.31,29782.06,9973
2026-08-10T03:15:00+00:00,29782.06,29796.81,29776.81,29785.93,11208
2026-08-10T03:30:00+00:00,29785.93,29802.93,29778.81,29802.68,12776
2026-08-10T03:45:00+00:00,29802.68,29804.18,29776.31,29783.68,6785
2026-08-10T04:00:00+00:00,29783.68,29803.31,29778.06,29800.18,8685
2026-08-10T04:15:00+00:00,29800.18,29809.43,29796.31,29804.93,6116
2026-08-10T04:30:00+00:00,29804.93,29804.93,29770.31,29792.06,10086
2026-08-10T04:45:00+00:00,29792.06,29806.93,29778.18,29787.06,9001
2026-08-10T05:00:00+00:00,29787.06,29823.93,29786.06,29821.81,9301
2026-08-10T05:15:00+00:00,29821.81,29829.43,29814.68,29815.93,7673
2026-08-10T05:30:00+00:00,29815.93,29824.56,29808.93,29810.93,9398
2026-08-10T05:45:00+00:00,29810.93,29836.06,29805.18,29834.93,6706
2026-08-10T06:00:00+00:00,29834.93,29867.43,29832.68,29862.18,9569
2026-08-10T06:15:00+00:00,29862.18,29867.68,29813.18,29819.56,10495
2026-08-10T06:30:00+00:00,29819.56,29830.31,29812.93,29822.93,8094
2026-08-10T06:45:00+00:00,29822.93,29828.68,29811.81,29814.31,8702
2026-08-10T07:00:00+00:00,29814.31,29828.31,29792.18,29818.81,16606
2026-08-10T07:15:00+00:00,29818.81,29858.06,29816.68,29856.68,11901
2026-08-10T07:30:00+00:00,29856.68,29874.93,29853.56,29871.18,10016
2026-08-10T07:45:00+00:00,29871.18,29889.56,29841.43,29858.56,10234
2026-08-10T08:00:00+00:00,29858.56,29886.43,29852.68,29867.93,16708
2026-08-10T08:15:00+00:00,29867.93,29878.43,29844.93,29858.18,12710
2026-08-10T08:30:00+00:00,29858.18,29877.06,29849.18,29861.18,9641
2026-08-10T08:45:00+00:00,29861.18,29880.68,29854.68,29877.06,8231
2026-08-10T09:00:00+00:00,29877.06,29889.06,29871.43,29881.56,8575
2026-08-10T09:15:00+00:00,29881.56,29887.81,29868.93,29874.06,8563
2026-08-10T09:30:00+00:00,29874.06,29876.93,29841.68,29849.68,8195
2026-08-10T09:45:00+00:00,29849.68,29857.18,29841.31,29843.93,7942
2026-08-10T10:00:00+00:00,29843.93,29864.31,29821.93,29822.93,10994
2026-08-10T10:15:00+00:00,29822.93,29857.43,29821.81,29850.56,8399
2026-08-10T10:30:00+00:00,29850.56,29851.06,29815.56,29824.43,11629
2026-08-10T10:45:00+00:00,29824.43,29843.31,29814.68,29817.68,10218
2026-08-10T11:00:00+00:00,29817.68,29831.31,29757.38,29782.31,22473
2026-08-10T11:15:00+00:00,29782.31,29818.06,29770.18,29814.43,16886
2026-08-10T11:30:00+00:00,29814.43,29819.93,29778.18,29780.18,15112
2026-08-10T11:45:00+00:00,29780.18,29790.18,29751.31,29776.93,16884
2026-08-10T12:00:00+00:00,29776.93,29789.06,29749.43,29751.43,20214
2026-08-10T12:15:00+00:00,29751.43,29752.43,29715.93,29728.18,17372
2026-08-10T12:30:00+00:00,29728.18,29732.68,29688.56,29709.93,19966
2026-08-10T12:45:00+00:00,29709.93,29715.06,29677.31,29683.06,18680
2026-08-10T13:00:00+00:00,29683.06,29721.06,29677.81,29709.81,23407
2026-08-10T13:15:00+00:00,29709.81,29728.68,29695.18,29710.68,25744
2026-08-10T13:30:00+00:00,29710.68,29746.83,29624.83,29681.33,178690
2026-08-10T13:45:00+00:00,29681.33,29737.83,29660.33,29712.460000000003,132710
2026-08-10T14:00:00+00:00,29712.460000000003,29797.58,29694.210000000003,29786.960000000003,86804
2026-08-10T14:15:00+00:00,29786.960000000003,29805.710000000003,29721.08,29763.83,78762
2026-08-10T14:30:00+00:00,29763.83,29798.58,29752.33,29772.710000000003,68655
2026-08-10T14:45:00+00:00,29772.710000000003,29791.710000000003,29683.58,29685.210000000003,70056
2026-08-10T15:00:00+00:00,29685.210000000003,29728.33,29672.33,29698.960000000003,71343
2026-08-10T15:15:00+00:00,29698.960000000003,29723.210000000003,29659.33,29683.460000000003,54550
2026-08-10T15:30:00+00:00,29683.460000000003,29714.710000000003,29646.83,29713.710000000003,46064
2026-08-10T15:45:00+00:00,29713.710000000003,29760.33,29692.460000000003,29749.960000000003,34786
2026-08-10T16:00:00+00:00,29749.960000000003,29764.58,29717.58,29727.960000000003,35133
2026-08-10T16:15:00+00:00,29727.960000000003,29749.460000000003,29710.58,29715.460000000003,37050
2026-08-10T16:30:00+00:00,29715.460000000003,29722.83,29636.210000000003,29648.210000000003,57109
2026-08-10T16:45:00+00:00,29648.210000000003,29686.58,29638.460000000003,29685.58,38824
2026-08-10T17:00:00+00:00,29685.58,29714.710000000003,29666.58,29706.33,30837
2026-08-10T17:15:00+00:00,29706.33,29717.08,29682.210000000003,29692.710000000003,22279
2026-08-10T17:30:00+00:00,29692.710000000003,29702.58,29661.83,29665.33,25407
2026-08-10T17:45:00+00:00,29665.33,29671.210000000003,29650.460000000003,29665.08,23348
2026-08-10T18:00:00+00:00,29665.08,29678.210000000003,29654.33,29657.33,22165
2026-08-10T18:15:00+00:00,29657.33,29662.08,29648.460000000003,29653.460000000003,18464
2026-08-10T18:30:00+00:00,29653.460000000003,29679.460000000003,29648.08,29677.710000000003,20359
2026-08-10T18:45:00+00:00,29677.710000000003,29690.33,29665.83,29688.33,17143
2026-08-10T19:00:00+00:00,29688.33,29700.58,29681.460000000003,29695.33,17247
2026-08-10T19:15:00+00:00,29695.33,29701.83,29685.710000000003,29687.83,17787
2026-08-10T19:30:00+00:00,29687.83,29699.08,29676.08,29681.710000000003,21841
2026-08-10T19:45:00+00:00,29681.710000000003,29689.960000000003,29628.460000000003,29649.960000000003,39265
2026-08-10T20:00:00+00:00,29649.960000000003,29659.93,29645.68,29650.31,12126
2026-08-10T20:15:00+00:00,29650.31,29659.93,29642.68,29656.93,5745
2026-08-10T20:30:00+00:00,29656.93,29665.06,29648.56,29663.31,3473
2026-08-10T20:45:00+00:00,29663.31,29675.31,29661.06,29670.260000000002,3937
2026-08-10T22:00:00+00:00,29670.260000000002,29697.07,29661.77,29669.57,6766
2026-08-10T22:15:00+00:00,29669.57,29671.57,29641.82,29654.95,5602
2026-08-10T22:30:00+00:00,29654.95,29655.52,29631.57,29633.82,4821
2026-08-10T22:45:00+00:00,29633.82,29645.2,29633.07,29641.57,2289
2026-08-10T23:00:00+00:00,29641.57,29643.45,29629.95,29639.7,3386
2026-08-10T23:15:00+00:00,29639.7,29640.57,29610.77,29616.82,4985
2026-08-10T23:30:00+00:00,29616.82,29624.57,29611.32,29623.07,4067
2026-08-10T23:45:00+00:00,29623.07,29635.07,29586.57,29612.07,12285
2026-08-11T00:00:00+00:00,29612.07,29661.57,29575.2,29657.95,23935
2026-08-11T00:15:00+00:00,29657.95,29673.45,29634.2,29672.07,17435
2026-08-11T00:30:00+00:00,29672.07,29690.52,29664.95,29688.7,12869
2026-08-11T00:45:00+00:00,29688.7,29702.57,29686.2,29693.95,11560
2026-08-11T01:00:00+00:00,29693.95,29734.82,29673.32,29734.57,18273
2026-08-11T01:15:00+00:00,29734.57,29748.07,29718.02,29728.57,15262
2026-08-11T01:30:00+00:00,29728.57,29736.45,29719.2,29730.95,17676
2026-08-11T01:45:00+00:00,29730.95,29751.2,29725.95,29727.32,14249
2026-08-11T02:00:00+00:00,29727.32,29739.45,29721.32,29729.07,13495
2026-08-11T02:15:00+00:00,29729.07,29736.07,29721.32,29733.07,10058
2026-08-11T02:30:00+00:00,29733.07,29747.95,29732.2,29747.95,9732
2026-08-11T02:45:00+00:00,29747.95,29752.95,29723.57,29727.2,8921
2026-08-11T03:00:00+00:00,29727.2,29741.2,29723.82,29730.82,9700
2026-08-11T03:15:00+00:00,29730.82,29756.2,29726.7,29750.07,8103
2026-08-11T03:30:00+00:00,29750.07,29751.95,29735.2,29741.32,7573
2026-08-11T03:45:00+00:00,29741.32,29751.07,29737.32,29740.82,7487
2026-08-11T04:00:00+00:00,29740.82,29759.57,29740.82,29756.95,8067
2026-08-11T04:15:00+00:00,29756.95,29762.7,29747.32,29761.82,5611
2026-08-11T04:30:00+00:00,29761.82,29770.45,29744.2,29747.32,9344
2026-08-11T04:45:00+00:00,29747.32,29755.57,29743.32,29747.95,7107
2026-08-11T05:00:00+00:00,29747.95,29762.95,29739.45,29760.7,8829
2026-08-11T05:15:00+00:00,29760.7,29762.45,29722.32,29723.45,8427
2026-08-11T05:30:00+00:00,29723.45,29738.57,29707.7,29724.07,12024
2026-08-11T05:45:00+00:00,29724.07,29726.32,29697.02,29701.82,12486
2026-08-11T06:00:00+00:00,29701.82,29736.2,29696.2,29728.7,10693
2026-08-11T06:15:00+00:00,29728.7,29730.95,29674.57,29680.2,10981
2026-08-11T06:30:00+00:00,29680.2,29698.32,29641.32,29692.57,15176
2026-08-11T06:45:00+00:00,29692.57,29695.82,29647.2,29663.82,10527
2026-08-11T07:00:00+00:00,29663.82,29678.95,29642.32,29667.95,20569
2026-08-11T07:15:00+00:00,29667.95,29673.57,29637.2,29652.7,15334
2026-08-11T07:30:00+00:00,29652.7,29689.07,29651.95,29677.2,13556
2026-08-11T07:45:00+00:00,29677.2,29688.2,29665.07,29683.32,12859
2026-08-11T08:00:00+00:00,29683.32,29713.07,29639.32,29640.7,19389
2026-08-11T08:15:00+00:00,29640.7,29656.7,29626.7,29641.45,17095
2026-08-11T08:30:00+00:00,29641.45,29663.07,29626.7,29662.32,15812
2026-08-11T08:45:00+00:00,29662.32,29671.82,29650.7,29657.7,10897
2026-08-11T09:00:00+00:00,29657.7,29664.82,29627.32,29641.7,13743
2026-08-11T09:15:00+00:00,29641.7,29674.45,29640.45,29667.7,11433
2026-08-11T09:30:00+00:00,29667.7,29692.45,29663.77,29676.82,10969
2026-08-11T09:45:00+00:00,29676.82,29690.07,29673.32,29678.07,9559
2026-08-11T10:00:00+00:00,29678.07,29683.07,29663.57,29664.45,10353
2026-08-11T10:15:00+00:00,29664.45,29741.95,29659.32,29730.7,13924
2026-08-11T10:30:00+00:00,29730.7,29732.45,29710.57,29723.45,10507
2026-08-11T10:45:00+00:00,29723.45,29736.45,29720.7,29726.32,7613
2026-08-11T11:00:00+00:00,29726.32,29795.57,29726.32,29780.57,33123
2026-08-11T11:15:00+00:00,29780.57,29782.2,29737.95,29742.82,15504
2026-08-11T11:30:00+00:00,29742.82,29745.32,29720.07,29733.57,14230
2026-08-11T11:45:00+00:00,29733.57,29743.95,29721.07,29740.95,12591
2026-08-11T12:00:00+00:00,29740.95,29773.07,29728.2,29770.45,13351
2026-08-11T12:15:00+00:00,29770.45,29780.07,29729.95,29737.57,17912
2026-08-11T12:30:00+00:00,29737.57,29766.07,29728.32,29755.07,14122
2026-08-11T12:45:00+00:00,29755.07,29762.45,29736.7,29741.32,11924
2026-08-11T13:00:00+00:00,29741.32,29759.95,29728.95,29736.7,17797
2026-08-11T13:15:00+00:00,29736.7,29754.32,29722.07,29748.2,21426
2026-08-11T13:30:00+00:00,29748.2,29751.47,29588.22,29632.850000000002,147684
2026-08-11T13:45:00+00:00,29632.850000000002,29643.850000000002,29541.27,29642.600000000002,128392
2026-08-11T14:00:00+00:00,29642.600000000002,29701.850000000002,29628.100000000002,29671.600000000002,83144
2026-08-11T14:15:00+00:00,29671.600000000002,29700.22,29647.100000000002,29686.72,84112
2026-08-11T14:30:00+00:00,29686.72,29694.100000000002,29637.72,29651.100000000002,66638
2026-08-11T14:45:00+00:00,29651.100000000002,29713.97,29649.350000000002,29685.47,50369
2026-08-11T15:00:00+00:00,29685.47,29701.350000000002,29612.72,29621.22,55624
2026-08-11T15:15:00+00:00,29621.22,29644.47,29606.850000000002,29612.100000000002,49539
2026-08-11T15:30:00+00:00,29612.100000000002,29628.850000000002,29573.27,29602.350000000002,48368
2026-08-11T15:45:00+00:00,29602.350000000002,29603.100000000002,29568.47,29572.22,35056
2026-08-11T16:00:00+00:00,29572.22,29590.850000000002,29557.22,29561.47,33344
2026-08-11T16:15:00+00:00,29561.47,29578.97,29531.350000000002,29555.22,32626
2026-08-11T16:30:00+00:00,29555.22,29574.22,29540.47,29546.100000000002,25057
2026-08-11T16:45:00+00:00,29546.100000000002,29552.22,29524.27,29535.350000000002,25521
2026-08-11T17:00:00+00:00,29535.350000000002,29543.97,29486.47,29487.72,24996
2026-08-11T17:15:00+00:00,29487.72,29527.22,29481.97,29515.47,28745
2026-08-11T17:30:00+00:00,29515.47,29547.47,29508.22,29543.47,25569
2026-08-11T17:45:00+00:00,29543.47,29549.97,29531.600000000002,29538.22,19738
2026-08-11T18:00:00+00:00,29538.22,29544.47,29511.22,29516.72,25694
2026-08-11T18:15:00+00:00,29516.72,29523.47,29442.600000000002,29453.350000000002,31304
2026-08-11T18:30:00+00:00,29453.350000000002,29485.97,29449.850000000002,29458.22,29376
2026-08-11T18:45:00+00:00,29458.22,29508.600000000002,29457.600000000002,29491.850000000002,21980
2026-08-11T19:00:00+00:00,29491.850000000002,29523.600000000002,29480.72,29516.850000000002,24408
2026-08-11T19:15:00+00:00,29516.850000000002,29536.100000000002,29511.47,29533.47,20790
2026-08-11T19:30:00+00:00,29533.47,29569.47,29529.47,29549.22,25058
2026-08-11T19:45:00+00:00,29549.22,29559.100000000002,29516.850000000002,29544.600000000002,40751
2026-08-11T20:00:00+00:00,29544.600000000002,29560.57,29523.7,29548.95,14265
2026-08-11T20:15:00+00:00,29548.95,29585.7,29548.32,29583.2,6932
2026-08-11T20:30:00+00:00,29583.2,29585.2,29573.45,29579.2,4955
2026-08-11T20:45:00+00:00,29579.2,29580.07,29552.2,29556.02,5523
2026-08-11T22:00:00+00:00,29556.02,29572.480000000003,29539.43,29570.86,5214
2026-08-11T22:15:00+00:00,29570.86,29573.61,29562.61,29566.36,3861
2026-08-11T22:30:00+00:00,29566.36,29577.480000000003,29549.480000000003,29551.11,4382
2026-08-11T22:45:00+00:00,29551.11,29565.230000000003,29545.980000000003,29561.980000000003,3108
2026-08-11T23:00:00+00:00,29561.980000000003,29566.61,29551.730000000003,29554.36,3953
2026-08-11T23:15:00+00:00,29554.36,29566.36,29552.93,29564.230000000003,2491
2026-08-11T23:30:00+00:00,29564.230000000003,29564.980000000003,29548.36,29552.86,2981
2026-08-11T23:45:00+00:00,29552.86,29574.61,29546.36,29574.11,10709
2026-08-12T00:00:00+00:00,29574.11,29581.36,29536.980000000003,29561.980000000003,31879
2026-08-12T00:15:00+00:00,29561.980000000003,29587.730000000003,29550.36,29576.980000000003,20170
2026-08-12T00:30:00+00:00,29576.980000000003,29591.61,29564.61,29573.480000000003,16080
2026-08-12T00:45:00+00:00,29573.480000000003,29583.730000000003,29567.730000000003,29578.730000000003,14925
2026-08-12T01:00:00+00:00,29578.730000000003,29593.11,29571.730000000003,29585.980000000003,16321
2026-08-12T01:15:00+00:00,29585.980000000003,29587.480000000003,29551.480000000003,29574.61,16161
2026-08-12T01:30:00+00:00,29574.61,29589.980000000003,29558.230000000003,29589.61,15716
2026-08-12T01:45:00+00:00,29589.61,29595.36,29558.730000000003,29570.86,14751
2026-08-12T02:00:00+00:00,29570.86,29582.61,29561.730000000003,29569.730000000003,12748
2026-08-12T02:15:00+00:00,29569.730000000003,29589.86,29566.11,29588.86,9162
2026-08-12T02:30:00+00:00,29588.86,29606.11,29587.230000000003,29600.11,7334
2026-08-12T02:45:00+00:00,29600.11,29614.980000000003,29599.61,29614.36,6537
2026-08-12T03:00:00+00:00,29614.36,29621.86,29607.61,29617.730000000003,7661
2026-08-12T03:15:00+00:00,29617.730000000003,29620.230000000003,29607.36,29614.480000000003,7008
2026-08-12T03:30:00+00:00,29614.480000000003,29616.730000000003,29600.980000000003,29603.480000000003,10267
2026-08-12T03:45:00+00:00,29603.480000000003,29612.980000000003,29597.11,29606.730000000003,8712
2026-08-12T04:00:00+00:00,29606.730000000003,29614.11,29601.61,29608.980000000003,7592
2026-08-12T04:15:00+00:00,29608.980000000003,29614.61,29603.230000000003,29609.480000000003,5786
2026-08-12T04:30:00+00:00,29609.480000000003,29611.480000000003,29595.36,29608.980000000003,6145
2026-08-12T04:45:00+00:00,29608.980000000003,29627.61,29604.230000000003,29625.61,4630
2026-08-12T05:00:00+00:00,29625.61,29626.230000000003,29596.61,29596.730000000003,8043
2026-08-12T05:15:00+00:00,29596.730000000003,29602.230000000003,29580.480000000003,29600.480000000003,9756
2026-08-12T05:30:00+00:00,29600.480000000003,29620.480000000003,29598.730000000003,29612.11,9034
2026-08-12T05:45:00+00:00,29612.11,29629.86,29609.230000000003,29627.36,8529
2026-08-12T06:00:00+00:00,29627.36,29636.36,29619.230000000003,29625.36,9132
2026-08-12T06:15:00+00:00,29625.36,29633.230000000003,29609.61,29622.11,10230
2026-08-12T06:30:00+00:00,29622.11,29641.980000000003,29617.230000000003,29630.480000000003,9018
2026-08-12T06:45:00+00:00,29630.480000000003,29648.980000000003,29629.980000000003,29648.36,7088
2026-08-12T07:00:00+00:00,29648.36,29666.480000000003,29646.980000000003,29653.230000000003,12270
2026-08-12T07:15:00+00:00,29653.230000000003,29660.230000000003,29639.730000000003,29650.980000000003,8748
2026-08-12T07:30:00+00:00,29650.980000000003,29655.86,29641.36,29653.11,8578
2026-08-12T07:45:00+00:00,29653.11,29663.230000000003,29642.36,29662.980000000003,7191
2026-08-12T08:00:00+00:00,29662.980000000003,29693.11,29659.730000000003,29683.480000000003,12644
2026-08-12T08:15:00+00:00,29683.480000000003,29704.730000000003,29675.86,29698.11,11329
2026-08-12T08:30:00+00:00,29698.11,29698.980000000003,29674.86,29686.11,10587
2026-08-12T08:45:00+00:00,29686.11,29711.230000000003,29683.11,29706.11,6704
2026-08-12T09:00:00+00:00,29706.11,29723.86,29705.230000000003,29720.11,7803
2026-08-12T09:15:00+00:00,29720.11,29760.730000000003,29715.980000000003,29735.230000000003,16355
2026-08-12T09:30:00+00:00,29735.230000000003,29750.61,29734.980000000003,29741.61,11882
2026-08-12T09:45:00+00:00,29741.61,29745.980000000003,29714.61,29727.980000000003,14505
2026-08-12T10:00:00+00:00,29727.980000000003,29754.61,29726.480000000003,29750.480000000003,9440
2026-08-12T10:15:00+00:00,29750.480000000003,29757.11,29745.61,29751.11,9244
2026-08-12T10:30:00+00:00,29751.11,29755.86,29744.230000000003,29752.980000000003,7159
2026-08-12T10:45:00+00:00,29752.980000000003,29753.480000000003,29698.18,29727.230000000003,16310
2026-08-12T11:00:00+00:00,29727.230000000003,29749.36,29726.36,29733.480000000003,14439
2026-08-12T11:15:00+00:00,29733.480000000003,29733.980000000003,29717.480000000003,29722.36,10609
2026-08-12T11:30:00+00:00,29722.36,29743.730000000003,29718.11,29737.36,9760
2026-08-12T11:45:00+00:00,29737.36,29758.230000000003,29731.230000000003,29757.61,10546
2026-08-12T12:00:00+00:00,29757.61,29769.86,29741.230000000003,29741.86,14231
2026-08-12T12:15:00+00:00,29741.86,29837.730000000003,29733.230000000003,29817.93,18427
2026-08-12T12:30:00+00:00,29817.93,29870.18,29662.93,29829.11,51445
2026-08-12T12:45:00+00:00,29829.11,29834.11,29812.61,29831.480000000003,26423
2026-08-12T13:00:00+00:00,29831.480000000003,29853.36,29828.480000000003,29851.11,22495
2026-08-12T13:15:00+00:00,29851.11,29904.230000000003,29847.61,29903.36,22063
2026-08-12T13:30:00+00:00,29903.36,29913.63,29765.88,29812.260000000002,170871
2026-08-12T13:45:00+00:00,29812.260000000002,29882.13,29772.88,29819.63,122931
2026-08-12T14:00:00+00:00,29819.63,29848.63,29760.43,29805.260000000002,97872
2026-08-12T14:15:00+00:00,29805.260000000002,29857.760000000002,29776.760000000002,29828.760000000002,78749
2026-08-12T14:30:00+00:00,29828.760000000002,29841.63,29740.88,29837.010000000002,85098
2026-08-12T14:45:00+00:00,29837.010000000002,29843.510000000002,29760.760000000002,29779.760000000002,74146
2026-08-12T15:00:00+00:00,29779.760000000002,29803.88,29751.760000000002,29792.510000000002,67074
2026-08-12T15:15:00+00:00,29792.510000000002,29799.510000000002,29755.88,29787.010000000002,48758
2026-08-12T15:30:00+00:00,29787.010000000002,29791.13,29731.13,29740.88,44857
2026-08-12T15:45:00+00:00,29740.88,29766.510000000002,29731.510000000002,29744.510000000002,34024
2026-08-12T16:00:00+00:00,29744.510000000002,29789.88,29741.510000000002,29785.510000000002,28824
2026-08-12T16:15:00+00:00,29785.510000000002,29800.13,29770.38,29786.13,23554
2026-08-12T16:30:00+00:00,29786.13,29806.88,29763.260000000002,29797.760000000002,24680
2026-08-12T16:45:00+00:00,29797.760000000002,29830.13,29791.63,29817.760000000002,20373
2026-08-12T17:00:00+00:00,29817.760000000002,29836.63,29810.13,29823.760000000002,18079
2026-08-12T17:15:00+00:00,29823.760000000002,29832.13,29801.88,29822.38,20569
2026-08-12T17:30:00+00:00,29822.38,29834.510000000002,29813.760000000002,29827.63,17761
2026-08-12T17:45:00+00:00,29827.63,29836.38,29814.010000000002,29822.63,17419
2026-08-12T18:00:00+00:00,29822.63,29830.75,29803.13,29819.75,16939.097323967722
2026-08-12T18:15:00+00:00,29819.75,29826,29802.88,29806.25,16884
2026-08-12T18:30:00+00:00,29806.25,29844.13,29805.88,29831.5,15485
2026-08-12T18:45:00+00:00,29831.5,29835.5,29797.38,29802.5,17201
2026-08-12T19:00:00+00:00,29802.5,29816.75,29791.38,29796.5,17324
2026-08-12T19:15:00+00:00,29796.5,29810.25,29768.38,29779.63,19667
2026-08-12T19:30:00+00:00,29779.63,29780.38,29744.13,29761.25,23666
2026-08-12T19:45:00+00:00,29761.25,29780.88,29738.13,29764.75,40479
2026-08-12T20:00:00+00:00,29764.75,29817.850000000002,29743.23,29758.600000000002,18243
2026-08-12T20:15:00+00:00,29758.600000000002,29763.23,29726.600000000002,29731.48,8955
2026-08-12T20:30:00+00:00,29731.48,29735.350000000002,29721.600000000002,29732.350000000002,6601
2026-08-12T20:45:00+00:00,29732.350000000002,29735.23,29716.350000000002,29718.93,5855
2026-08-12T22:00:00+00:00,29718.93,29743.850000000002,29712.600000000002,29717.73,7219
2026-08-12T22:15:00+00:00,29717.73,29721.100000000002,29696.23,29705.23,5145
2026-08-12T22:30:00+00:00,29705.23,29709.78,29692.8,29706.53,4047
2026-08-12T22:45:00+00:00,29706.53,29717.4,29703.03,29711.53,3334
2026-08-12T23:00:00+00:00,29711.53,29725.28,29710.9,29722.9,4241
2026-08-12T23:15:00+00:00,29722.9,29726.28,29715.9,29719.28,2950
2026-08-12T23:30:00+00:00,29719.28,29728.65,29706.4,29724.9,3796
2026-08-12T23:45:00+00:00,29724.9,29726.9,29706.600000000002,29718.9,8645
2026-08-13T00:00:00+00:00,29718.9,29777.03,29710.53,29761.4,17717
2026-08-13T00:15:00+00:00,29761.4,29780.15,29752.15,29753.28,13345
2026-08-13T00:30:00+00:00,29753.28,29766.78,29742.4,29755.78,15743
2026-08-13T00:45:00+00:00,29755.78,29763.65,29743.15,29760.28,12611
2026-08-13T01:00:00+00:00,29760.28,29766.15,29735.28,29745.28,13353
2026-08-13T01:15:00+00:00,29745.28,29751.9,29722.03,29731.4,12319
2026-08-13T01:30:00+00:00,29731.4,29757.53,29728.4,29751.15,12704
2026-08-13T01:45:00+00:00,29751.15,29779.4,29741.53,29771.03,11299
2026-08-13T02:00:00+00:00,29771.03,29785.15,29767.9,29776.03,7991
2026-08-13T02:15:00+00:00,29776.03,29783.53,29771.15,29776.03,7055
2026-08-13T02:30:00+00:00,29776.03,29791.15,29747.65,29787.4,11114
2026-08-13T02:45:00+00:00,29787.4,29788.28,29780.28,29782.78,6240
2026-08-13T03:00:00+00:00,29782.78,29789.28,29779.4,29787.78,7082
2026-08-13T03:15:00+00:00,29787.78,29792.78,29785.28,29787.9,5054
2026-08-13T03:30:00+00:00,29787.9,29793.65,29780.9,29790.4,6531
2026-08-13T03:45:00+00:00,29790.4,29793.78,29788.600000000002,29792.53,3413
2026-08-13T04:00:00+00:00,29792.53,29805.65,29783.15,29783.78,5494
2026-08-13T04:15:00+00:00,29783.78,29798.15,29767.9,29790.65,7737
2026-08-13T04:30:00+00:00,29790.65,29809.53,29790.03,29793.03,6107
2026-08-13T04:45:00+00:00,29793.03,29808.65,29787.03,29793.15,7791
2026-08-13T05:00:00+00:00,29793.15,29830.15,29788.4,29829.28,6867
2026-08-13T05:15:00+00:00,29829.28,29835.78,29822.03,29834.9,5786
2026-08-13T05:30:00+00:00,29834.9,29837.4,29810.9,29816.4,8154
2026-08-13T05:45:00+00:00,29816.4,29822.28,29796.78,29797.9,7737
2026-08-13T06:00:00+00:00,29797.9,29810.28,29783.03,29807.28,10006
2026-08-13T06:15:00+00:00,29807.28,29819.15,29799.28,29811.28,8718
2026-08-13T06:30:00+00:00,29811.28,29819.03,29774.350000000002,29776.65,8951
2026-08-13T06:45:00+00:00,29776.65,29804.03,29772.600000000002,29802.15,7955
2026-08-13T07:00:00+00:00,29802.15,29807.28,29759.15,29767.53,13430
2026-08-13T07:15:00+00:00,29767.53,29787.28,29761.9,29784.65,8867
2026-08-13T07:30:00+00:00,29784.65,29796.28,29775.53,29793.65,7927
2026-08-13T07:45:00+00:00,29793.65,29795.15,29772.28,29774.15,8711
2026-08-13T08:00:00+00:00,29774.15,29786.03,29742.78,29752.28,17696
2026-08-13T08:15:00+00:00,29752.28,29778.78,29741.53,29772.65,12681
2026-08-13T08:30:00+00:00,29772.65,29779.53,29759.9,29776.78,11074
2026-08-13T08:45:00+00:00,29776.78,29789.15,29768.15,29774.9,8534
2026-08-13T09:00:00+00:00,29774.9,29782.78,29746.53,29746.53,10406
2026-08-13T09:15:00+00:00,29746.53,29763.15,29734.9,29751.28,8393
2026-08-13T09:30:00+00:00,29751.28,29775.4,29750.53,29774.15,6377
2026-08-13T09:45:00+00:00,29774.15,29793.4,29771.65,29790.65,5982
2026-08-13T10:00:00+00:00,29790.65,29792.03,29776.9,29788.9,7834
2026-08-13T10:15:00+00:00,29788.9,29798.03,29778.03,29786.9,6846
2026-08-13T10:30:00+00:00,29786.9,29794.78,29782.4,29791.78,6831
2026-08-13T10:45:00+00:00,29791.78,29800.15,29788.65,29794.53,5860
2026-08-13T11:00:00+00:00,29794.53,29806.03,29784.4,29786.65,9725
2026-08-13T11:15:00+00:00,29786.65,29789.28,29769.65,29776.53,8927
2026-08-13T11:30:00+00:00,29776.53,29802.53,29771.15,29802.03,10131
2026-08-13T11:45:00+00:00,29802.03,29808.65,29781.78,29782.53,10442
2026-08-13T12:00:00+00:00,29782.53,29785.9,29747.03,29754.65,17318
2026-08-13T12:15:00+00:00,29754.65,29769.15,29726.600000000002,29763.600000000002,16260
2026-08-13T12:30:00+00:00,29763.600000000002,29802.600000000002,29734.4,29760.15,26973
2026-08-13T12:45:00+00:00,29760.15,29795.03,29754.65,29794.28,16453
2026-08-13T13:00:00+00:00,29794.28,29834.53,29792.53,29822.15,17094
2026-08-13T13:15:00+00:00,29822.15,29833.65,29814.28,29824.4,15682
2026-08-13T13:30:00+00:00,29824.4,29967.68,29777.8,29927.43,124407
2026-08-13T13:45:00+00:00,29927.43,30095.18,29919.68,30090.3,84816
2026-08-13T14:00:00+00:00,30090.3,30128.8,30070.3,30120.05,57076
2026-08-13T14:15:00+00:00,30120.05,30152.05,30099.68,30147.93,45589
2026-08-13T14:30:00+00:00,30147.93,30181.3,30141.8,30150.55,42234
2026-08-13T14:45:00+00:00,30150.55,30155.55,30112.55,30113.8,54999
2026-08-13T15:00:00+00:00,30113.8,30145.68,30108.68,30131.93,53433
2026-08-13T15:15:00+00:00,30131.93,30152.93,30093.93,30102.43,54067
2026-08-13T15:30:00+00:00,30102.43,30112.55,30042.68,30070.8,64518
2026-08-13T15:45:00+00:00,30070.8,30071.18,30018.8,30029.3,46961
2026-08-13T16:00:00+00:00,30029.3,30086.93,30028.55,30055.43,32683
2026-08-13T16:15:00+00:00,30055.43,30103.3,30048.05,30100.93,30105
2026-08-13T16:30:00+00:00,30100.93,30113.8,30082.43,30097.55,25284
2026-08-13T16:45:00+00:00,30097.55,30117.55,30090.8,30107.8,21145
2026-08-13T17:00:00+00:00,30107.8,30146.8,30106.93,30140.43,18013
2026-08-13T17:15:00+00:00,30140.43,30164.18,30139.05,30151.93,17084
2026-08-13T17:30:00+00:00,30151.93,30159.05,30128.55,30128.55,17771
2026-08-13T17:45:00+00:00,30128.55,30142.18,30118.05,30118.8,17330
2026-08-13T18:00:00+00:00,30118.8,30129.43,30103.8,30115.8,18789
2026-08-13T18:15:00+00:00,30115.8,30122.05,30095.55,30106.05,18090
2026-08-13T18:30:00+00:00,30106.05,30151.05,30105.93,30142.93,20425
2026-08-13T18:45:00+00:00,30142.93,30160.18,30142.8,30158.3,17437
2026-08-13T19:00:00+00:00,30158.3,30187.05,30146.43,30152.8,20595
2026-08-13T19:15:00+00:00,30152.8,30160.05,30129.68,30137.3,23903
2026-08-13T19:30:00+00:00,30137.3,30141.8,30117.18,30118.8,25054
2026-08-13T19:45:00+00:00,30118.8,30121.18,30087.68,30108.55,36095
2026-08-13T20:00:00+00:00,30108.55,30133.03,30058.600000000002,30122.53,16887
2026-08-13T20:15:00+00:00,30122.53,30128.03,30106.15,30112.15,6918
2026-08-13T20:30:00+00:00,30112.15,30127.03,30109.600000000002,30123.78,4828
2026-08-13T20:45:00+00:00,30123.78,30133.03,30122.4,30129.23,3802
2026-08-13T22:00:00+00:00,30129.23,30131.59,30100.66,30111.21,7594
2026-08-13T22:15:00+00:00,30111.21,30120.46,30104.59,30112.46,4334
2026-08-13T22:30:00+00:00,30112.46,30124.34,30111.96,30121.46,3088
2026-08-13T22:45:00+00:00,30121.46,30122.09,30114.46,30117.96,1842
2026-08-13T23:00:00+00:00,30117.96,30138.96,30114.21,30138.96,1839
2026-08-13T23:15:00+00:00,30138.96,30140.59,30106.71,30113.71,2456
2026-08-13T23:30:00+00:00,30113.71,30118.09,30107.84,30110.96,3268
2026-08-13T23:45:00+00:00,30110.96,30118.96,30104.34,30117.59,8284
2026-08-14T00:00:00+00:00,30117.59,30146.34,30110.59,30115.09,17727
2026-08-14T00:15:00+00:00,30115.09,30118.59,30092.34,30099.34,15072
2026-08-14T00:30:00+00:00,30099.34,30105.84,30089.34,30093.34,8433
2026-08-14T00:45:00+00:00,30093.34,30101.09,30081.21,30084.09,10245
2026-08-14T01:00:00+00:00,30084.09,30084.21,30038.84,30043.59,14953
2026-08-14T01:15:00+00:00,30043.59,30069.21,30039.09,30066.96,12914
2026-08-14T01:30:00+00:00,30066.96,30077.09,30055.46,30074.46,11580
2026-08-14T01:45:00+00:00,30074.46,30082.59,30064.21,30066.34,10188
2026-08-14T02:00:00+00:00,30066.34,30086.09,30064.09,30081.96,8237
2026-08-14T02:15:00+00:00,30081.96,30084.46,30070.59,30082.46,6937
2026-08-14T02:30:00+00:00,30082.46,30095.34,30081.59,30088.59,6049
2026-08-14T02:45:00+00:00,30088.59,30092.71,30064.34,30068.84,6593
2026-08-14T03:00:00+00:00,30068.84,30079.59,30065.09,30076.59,6147
2026-08-14T03:15:00+00:00,30076.59,30094.84,30075.09,30094.84,4626
2026-08-14T03:30:00+00:00,30094.84,30096.21,30070.46,30072.34,7182
2026-08-14T03:45:00+00:00,30072.34,30076.96,30066.71,30067.09,4513
2026-08-14T04:00:00+00:00,30067.09,30075.34,30059.21,30069.96,6909
2026-08-14T04:15:00+00:00,30069.96,30079.59,30065.46,30072.71,6740
2026-08-14T04:30:00+00:00,30072.71,30078.21,30052.59,30068.71,7831
2026-08-14T04:45:00+00:00,30068.71,30069.84,30059.59,30062.34,5525
2026-08-14T05:00:00+00:00,30062.34,30066.96,30042.46,30058.46,7497
2026-08-14T05:15:00+00:00,30058.46,30066.46,30052.71,30064.09,6477
2026-08-14T05:30:00+00:00,30064.09,30081.84,30054.84,30080.96,7930
2026-08-14T05:45:00+00:00,30080.96,30096.09,30079.46,30088.71,5343
2026-08-14T06:00:00+00:00,30088.71,30092.71,30064.09,30067.21,7358
2026-08-14T06:15:00+00:00,30067.21,30078.84,30062.41,30077.21,5599
2026-08-14T06:30:00+00:00,30077.21,30079.84,30064.09,30074.21,5205
2026-08-14T06:45:00+00:00,30074.21,30091.96,30074.21,30087.34,4050
2026-08-14T07:00:00+00:00,30087.34,30108.46,30085.84,30089.71,10759
2026-08-14T07:15:00+00:00,30089.71,30095.96,30086.46,30091.59,8532
2026-08-14T07:30:00+00:00,30091.59,30117.96,30087.34,30117.59,5380
2026-08-14T07:45:00+00:00,30117.59,30117.59,30105.91,30108.71,5786
2026-08-14T08:00:00+00:00,30108.71,30149.59,30101.84,30128.34,13130
2026-08-14T08:15:00+00:00,30128.34,30145.96,30120.59,30139.59,12121
2026-08-14T08:30:00+00:00,30139.59,30154.71,30135.71,30142.34,10077
2026-08-14T08:45:00+00:00,30142.34,30153.96,30135.09,30135.84,8166
2026-08-14T09:00:00+00:00,30135.84,30136.71,30124.84,30132.84,7963
2026-08-14T09:15:00+00:00,30132.84,30146.84,30129.21,30140.46,7666
2026-08-14T09:30:00+00:00,30140.46,30141.21,30121.71,30124.71,8216
2026-08-14T09:45:00+00:00,30124.71,30150.84,30121.84,30149.09,6667
2026-08-14T10:00:00+00:00,30149.09,30163.96,30147.96,30155.21,7378
2026-08-14T10:15:00+00:00,30155.21,30155.46,30136.96,30143.21,5988
2026-08-14T10:30:00+00:00,30143.21,30151.96,30137.71,30150.96,6714
2026-08-14T10:45:00+00:00,30150.96,30166.34,30147.21,30165.96,6177
2026-08-14T11:00:00+00:00,30165.96,30176.21,30161.09,30167.84,8825
2026-08-14T11:15:00+00:00,30167.84,30169.21,30156.71,30161.84,7191
2026-08-14T11:30:00+00:00,30161.84,30173.34,30151.84,30166.34,8472
2026-08-14T11:45:00+00:00,30166.34,30182.59,30163.71,30178.84,6820
2026-08-14T12:00:00+00:00,30178.84,30194.46,30123.34,30151.71,12896
2026-08-14T12:15:00+00:00,30151.71,30169.71,30140.46,30164.96,13256
2026-08-14T12:30:00+00:00,30164.96,30193.71,30159.16,30180.09,16063
2026-08-14T12:45:00+00:00,30180.09,30193.84,30169.09,30182.84,10703
2026-08-14T13:00:00+00:00,30182.84,30197.59,30167.21,30167.84,12819
2026-08-14T13:15:00+00:00,30167.84,30175.84,30151.41,30155.71,17284
2026-08-14T13:30:00+00:00,30155.71,30183.86,30084.74,30175.24,133979
2026-08-14T13:45:00+00:00,30175.24,30195.36,30125.66,30141.16,95395
2026-08-14T14:00:00+00:00,30141.16,30187.11,30119.66,30136.24,74178
2026-08-14T14:15:00+00:00,30136.24,30143.49,30049.49,30074.49,77238
2026-08-14T14:30:00+00:00,30074.49,30089.99,30044.11,30070.49,63050
2026-08-14T14:45:00+00:00,30070.49,30080.61,30037.86,30037.86,41276
2026-08-14T15:00:00+00:00,30037.86,30056.36,30003.11,30005.36,40831
2026-08-14T15:15:00+00:00,30005.36,30025.61,29948.24,29987.74,45544
2026-08-14T15:30:00+00:00,29987.74,29989.49,29944.61,29963.86,39582
2026-08-14T15:45:00+00:00,29963.86,29987.49,29943.99,29981.11,31691
2026-08-14T16:00:00+00:00,29981.11,29999.11,29965.49,29995.11,27980
2026-08-14T16:15:00+00:00,29995.11,30022.11,29990.49,30016.11,17454
2026-08-14T16:30:00+00:00,30016.11,30017.11,29979.49,29982.11,25344
2026-08-14T16:45:00+00:00,29982.11,29991.36,29967.91,29973.61,22076
2026-08-14T17:00:00+00:00,29973.61,29994.61,29967.86,29983.86,21515
2026-08-14T17:15:00+00:00,29983.86,29991.11,29962.99,29974.36,18898
2026-08-14T17:30:00+00:00,29974.36,29987.11,29965.86,29972.86,19669
2026-08-14T17:45:00+00:00,29972.86,29999.38,29964.760000000002,29996.260000000002,17169.692413129735
2026-08-14T18:00:00+00:00,29996.260000000002,30006.13,29988.38,29993.88,17132
2026-08-14T18:15:00+00:00,29993.88,30007.510000000002,29980.260000000002,29982.510000000002,14937
2026-08-14T18:30:00+00:00,29982.510000000002,30005.010000000002,29977.63,30002.260000000002,15572
2026-08-14T18:45:00+00:00,30002.260000000002,30018.760000000002,29993.010000000002,30003.38,13223
2026-08-14T19:00:00+00:00,30003.38,30009.13,29991.88,29997.88,15917
2026-08-14T19:15:00+00:00,29997.88,30018.38,29991.18,30011.38,14309
2026-08-14T19:30:00+00:00,30011.38,30030.260000000002,30006.260000000002,30023.63,17498
2026-08-14T19:45:00+00:00,30023.63,30063.010000000002,30016.63,30059.63,28680
2026-08-14T20:00:00+00:00,30059.63,30067.48,30045.73,30047.48,12086
2026-08-14T20:15:00+00:00,30047.48,30049.86,30041.84,30045.59,3242
2026-08-14T20:30:00+00:00,30045.59,30057.84,30042.84,30056.79,3028
2026-08-16T22:00:00+00:00,30056.79,30125.7,30056.79,30120.7,7583
2026-08-16T22:15:00+00:00,30120.7,30124.08,30114.33,30116.7,2833
2026-08-16T22:30:00+00:00,30116.7,30119.83,30112.9,30115.33,2126
2026-08-16T22:45:00+00:00,30115.33,30134.2,30111.15,30129.08,3307
2026-08-16T23:00:00+00:00,30129.08,30130.33,30118.83,30120.2,2681
2026-08-16T23:15:00+00:00,30120.2,30127.45,30115.2,30120.7,2564
2026-08-16T23:30:00+00:00,30120.7,30129.83,30116.33,30129.2,2877
2026-08-16T23:45:00+00:00,30129.2,30150.95,30128.2,30138.58,6786
2026-08-17T00:00:00+00:00,30138.58,30150.33,30132.58,30142.08,13807
2026-08-17T00:15:00+00:00,30142.08,30142.58,30113.33,30119.45,8815
2026-08-17T00:30:00+00:00,30119.45,30121.58,30109.45,30113.58,6094
2026-08-17T00:45:00+00:00,30113.58,30125.83,30109.33,30124.83,6317
2026-08-17T01:00:00+00:00,30124.83,30156.7,30123.58,30137.58,11672
2026-08-17T01:15:00+00:00,30137.58,30162.2,30127.83,30153.45,8671
2026-08-17T01:30:00+00:00,30153.45,30155.83,30114.83,30122.58,11121
2026-08-17T01:45:00+00:00,30122.58,30126.08,30110.45,30115.33,7234
2026-08-17T02:00:00+00:00,30115.33,30124.08,30109.33,30123.83,6283
2026-08-17T02:15:00+00:00,30123.83,30145.7,30121.08,30139.7,5113
2026-08-17T02:30:00+00:00,30139.7,30148.33,30135.7,30144.33,5587
2026-08-17T02:45:00+00:00,30144.33,30154.2,30143.58,30146.08,5639
2026-08-17T03:00:00+00:00,30146.08,30157.95,30144.9,30150.2,5087
2026-08-17T03:15:00+00:00,30150.2,30158.58,30149.45,30157.33,4083
2026-08-17T03:30:00+00:00,30157.33,30169.95,30149.33,30164.58,4910
2026-08-17T03:45:00+00:00,30164.58,30169.95,30162.83,30169.83,3273
2026-08-17T04:00:00+00:00,30169.83,30177.45,30167.08,30174.58,3682
2026-08-17T04:15:00+00:00,30174.58,30174.95,30163.95,30164.08,3134
2026-08-17T04:30:00+00:00,30164.08,30167.83,30157.4,30167.58,3097
2026-08-17T04:45:00+00:00,30167.58,30171.33,30156.7,30158.45,3086
2026-08-17T05:00:00+00:00,30158.45,30169.95,30157.7,30165.95,4019
2026-08-17T05:15:00+00:00,30165.95,30169.83,30154.08,30167.58,4391
2026-08-17T05:30:00+00:00,30167.58,30186.2,30160.83,30186.2,6092
2026-08-17T05:45:00+00:00,30186.2,30197.45,30184.2,30195.83,4116
2026-08-17T06:00:00+00:00,30195.83,30218.08,30190.58,30211.33,6269
2026-08-17T06:15:00+00:00,30211.33,30222.33,30195.83,30220.45,5102
2026-08-17T06:30:00+00:00,30220.45,30250.2,30217.2,30237.08,6158
2026-08-17T06:45:00+00:00,30237.08,30248.95,30234.95,30247.95,4831
2026-08-17T07:00:00+00:00,30247.95,30254.95,30197.95,30199.08,11493
2026-08-17T07:15:00+00:00,30199.08,30203.95,30184.7,30203.2,10634
2026-08-17T07:30:00+00:00,30203.2,30247.58,30200.33,30241.7,8843
2026-08-17T07:45:00+00:00,30241.7,30245.95,30230.08,30236.08,7419
2026-08-17T08:00:00+00:00,30236.08,30251.08,30219.7,30230.08,16001
2026-08-17T08:15:00+00:00,30230.08,30243.08,30226.33,30238.95,11543
2026-08-17T08:30:00+00:00,30238.95,30242.95,30211.2,30211.58,10256
2026-08-17T08:45:00+00:00,30211.58,30228.83,30207.58,30221.45,8411
2026-08-17T09:00:00+00:00,30221.45,30226.2,30211.7,30221.2,9472
2026-08-17T09:15:00+00:00,30221.2,30221.45,30191.45,30198.2,8615
2026-08-17T09:30:00+00:00,30198.2,30206.58,30191.08,30205.58,9271
2026-08-17T09:45:00+00:00,30205.58,30214.58,30199.83,30204.95,9284
2026-08-17T10:00:00+00:00,30204.95,30219.08,30199.7,30218.58,7336
2026-08-17T10:15:00+00:00,30218.58,30262.95,30202.7,30260.45,12800
2026-08-17T10:30:00+00:00,30260.45,30261.45,30216.08,30234.2,16086
2026-08-17T10:45:00+00:00,30234.2,30240.33,30228.83,30238.33,7191
2026-08-17T11:00:00+00:00,30238.33,30248.7,30219.95,30223.58,12396
2026-08-17T11:15:00+00:00,30223.58,30230.45,30210.08,30222.95,9137
2026-08-17T11:30:00+00:00,30222.95,30229.2,30216.2,30227.83,9207
2026-08-17T11:45:00+00:00,30227.83,30233.33,30209.45,30209.83,7883
2026-08-17T12:00:00+00:00,30209.83,30212.08,30170.33,30202.2,13884
2026-08-17T12:15:00+00:00,30202.2,30203.95,30144.65,30160.83,17405
2026-08-17T12:30:00+00:00,30160.83,30173.58,30106.58,30113.08,19423
2026-08-17T12:45:00+00:00,30113.08,30136.45,30104.45,30125.58,15518
2026-08-17T13:00:00+00:00,30125.58,30148.45,30122.58,30142.33,13309
2026-08-17T13:15:00+00:00,30142.33,30161.58,30129.2,30141.83,16829
2026-08-17T13:30:00+00:00,30141.83,30189.730000000003,30089.350000000002,30119.850000000002,144849
2026-08-17T13:45:00+00:00,30119.850000000002,30178.100000000002,30098.350000000002,30158.600000000002,90369
2026-08-17T14:00:00+00:00,30158.600000000002,30166.850000000002,30085.100000000002,30148.350000000002,72624
2026-08-17T14:15:00+00:00,30148.350000000002,30149.600000000002,30079.4,30120.980000000003,56567
2026-08-17T14:30:00+00:00,30120.980000000003,30140.850000000002,30109.850000000002,30128.100000000002,43452
2026-08-17T14:45:00+00:00,30128.100000000002,30169.730000000003,30123.4,30167.600000000002,33190
2026-08-17T15:00:00+00:00,30167.600000000002,30210.600000000002,30157.100000000002,30181.350000000002,31820
2026-08-17T15:15:00+00:00,30181.350000000002,30201.730000000003,30179.100000000002,30193.350000000002,25967
2026-08-17T15:30:00+00:00,30193.350000000002,30197.100000000002,30131.980000000003,30151.600000000002,31922
2026-08-17T15:45:00+00:00,30151.600000000002,30173.600000000002,30138.15,30163.350000000002,22238
2026-08-17T16:00:00+00:00,30163.350000000002,30167.350000000002,30123.980000000003,30127.850000000002,22906
2026-08-17T16:15:00+00:00,30127.850000000002,30141.730000000003,30120.65,30130.850000000002,19528
2026-08-17T16:30:00+00:00,30130.850000000002,30136.480000000003,30105.980000000003,30107.600000000002,17080
2026-08-17T16:45:00+00:00,30107.600000000002,30116.350000000002,30099.230000000003,30107.600000000002,16510
2026-08-17T17:00:00+00:00,30107.600000000002,30111.100000000002,30052.4,30052.980000000003,21690
2026-08-17T17:15:00+00:00,30052.980000000003,30066.600000000002,30017.350000000002,30020.730000000003,33710
2026-08-17T17:30:00+00:00,30020.730000000003,30051.980000000003,30010.480000000003,30047.230000000003,30246
2026-08-17T17:45:00+00:00,30047.230000000003,30051.480000000003,30020.980000000003,30025.980000000003,20717
2026-08-17T18:00:00+00:00,30025.980000000003,30037.350000000002,30003.480000000003,30023.980000000003,25593
2026-08-17T18:15:00+00:00,30023.980000000003,30037.600000000002,30013.350000000002,30027.230000000003,18639
2026-08-17T18:30:00+00:00,30027.230000000003,30043.730000000003,30016.480000000003,30041.230000000003,16448
2026-08-17T18:45:00+00:00,30041.230000000003,30060.480000000003,30039.350000000002,30046.100000000002,13396
2026-08-17T19:00:00+00:00,30046.100000000002,30048.230000000003,30007.480000000003,30008.230000000003,16795
2026-08-17T19:15:00+00:00,30008.230000000003,30037.730000000003,30005.980000000003,30017.350000000002,18825
2026-08-17T19:30:00+00:00,30017.350000000002,30035.480000000003,30012.850000000002,30026.350000000002,20714
2026-08-17T19:45:00+00:00,30026.350000000002,30046.480000000003,29990.600000000002,30014.600000000002,32622
2026-08-17T20:00:00+00:00,30014.600000000002,30021.08,29994.15,30001.45,11855
2026-08-17T20:15:00+00:00,30001.45,30005.7,29992.08,30001.33,4506
2026-08-17T20:30:00+00:00,30001.33,30003.58,29982.9,29987.45,4488
2026-08-17T20:45:00+00:00,29987.45,30003.280000000002,29978.45,30002.9,6015
2026-08-17T22:00:00+00:00,30002.9,30017.530000000002,29996.65,29999.9,6727
2026-08-17T22:15:00+00:00,29999.9,30010.780000000002,29988.530000000002,30001.780000000002,5272
2026-08-17T22:30:00+00:00,30001.780000000002,30002.65,29993.15,29997.4,3428
2026-08-17T22:45:00+00:00,29997.4,30009.530000000002,29996.4,30005.15,3331
2026-08-17T23:00:00+00:00,30005.15,30013.030000000002,29996.280000000002,30007.530000000002,3760
2026-08-17T23:15:00+00:00,30007.530000000002,30014.15,29997.780000000002,30009.9,2959
2026-08-17T23:30:00+00:00,30009.9,30027.15,30008.030000000002,30022.530000000002,3809
2026-08-17T23:45:00+00:00,30022.530000000002,30026.4,30006.780000000002,30020.780000000002,8411
2026-08-18T00:00:00+00:00,30020.780000000002,30029.9,30009.780000000002,30026.65,14152
2026-08-18T00:15:00+00:00,30026.65,30040.4,30017.65,30026.9,8457
2026-08-18T00:30:00+00:00,30026.9,30039.530000000002,30024.530000000002,30038.530000000002,7117
2026-08-18T00:45:00+00:00,30038.530000000002,30047.280000000002,30021.600000000002,30024.9,7624
2026-08-18T01:00:00+00:00,30024.9,30035.780000000002,30016.4,30035.530000000002,10733
2026-08-18T01:15:00+00:00,30035.530000000002,30035.9,30001.850000000002,30013.280000000002,9717
2026-08-18T01:30:00+00:00,30013.280000000002,30016.15,29963.850000000002,29975.65,11792
2026-08-18T01:45:00+00:00,29975.65,29981.530000000002,29895.600000000002,29938.65,20041
2026-08-18T02:00:00+00:00,29938.65,29947.9,29889.530000000002,29891.9,14205
2026-08-18T02:15:00+00:00,29891.9,29897.030000000002,29849.9,29859.280000000002,18034
2026-08-18T02:30:00+00:00,29859.280000000002,29885.780000000002,29833.350000000002,29835.780000000002,18092
2026-08-18T02:45:00+00:00,29835.780000000002,29847.030000000002,29806.530000000002,29834.780000000002,16961
2026-08-18T03:00:00+00:00,29834.780000000002,29841.780000000002,29814.65,29820.280000000002,13897
2026-08-18T03:15:00+00:00,29820.280000000002,29823.780000000002,29785.65,29806.030000000002,12905
2026-08-18T03:30:00+00:00,29806.030000000002,29823.4,29779.280000000002,29821.280000000002,15190
2026-08-18T03:45:00+00:00,29821.280000000002,29834.65,29808.65,29819.4,12749
2026-08-18T04:00:00+00:00,29819.4,29824.780000000002,29796.65,29824.15,12196
2026-08-18T04:15:00+00:00,29824.15,29841.030000000002,29805.530000000002,29837.65,10614
2026-08-18T04:30:00+00:00,29837.65,29847.030000000002,29817.850000000002,29826.65,9212
2026-08-18T04:45:00+00:00,29826.65,29853.15,29821.9,29843.65,7123
2026-08-18T05:00:00+00:00,29843.65,29844.9,29802.780000000002,29805.9,10473
2026-08-18T05:15:00+00:00,29805.9,29813.030000000002,29800.280000000002,29802.15,8547
2026-08-18T05:30:00+00:00,29802.15,29803.030000000002,29788.530000000002,29791.65,9443
2026-08-18T05:45:00+00:00,29791.65,29806.530000000002,29762.100000000002,29767.030000000002,9101
2026-08-18T06:00:00+00:00,29767.030000000002,29770.65,29712.030000000002,29761.780000000002,17129
2026-08-18T06:15:00+00:00,29761.780000000002,29792.9,29746.65,29785.780000000002,14315
2026-08-18T06:30:00+00:00,29785.780000000002,29802.15,29778.780000000002,29792.280000000002,10745
2026-08-18T06:45:00+00:00,29792.280000000002,29822.030000000002,29788.9,29819.030000000002,8060
2026-08-18T07:00:00+00:00,29819.030000000002,29822.780000000002,29787.780000000002,29788.15,16726
2026-08-18T07:15:00+00:00,29788.15,29797.530000000002,29772.030000000002,29773.4,11876
2026-08-18T07:30:00+00:00,29773.4,29780.780000000002,29747.530000000002,29751.9,13149
2026-08-18T07:45:00+00:00,29751.9,29767.280000000002,29734.780000000002,29736.65,12404
2026-08-18T08:00:00+00:00,29736.65,29740.280000000002,29663.350000000002,29692.780000000002,25512
2026-08-18T08:15:00+00:00,29692.780000000002,29711.280000000002,29662.030000000002,29684.280000000002,17476
2026-08-18T08:30:00+00:00,29684.280000000002,29718.65,29674.030000000002,29708.530000000002,16944
2026-08-18T08:45:00+00:00,29708.530000000002,29708.780000000002,29669.030000000002,29692.780000000002,13154
2026-08-18T09:00:00+00:00,29692.780000000002,29703.780000000002,29670.030000000002,29691.030000000002,16635
2026-08-18T09:15:00+00:00,29691.030000000002,29697.030000000002,29650.030000000002,29662.030000000002,14459
2026-08-18T09:30:00+00:00,29662.030000000002,29667.9,29624.850000000002,29638.4,16369
2026-08-18T09:45:00+00:00,29638.4,29663.4,29613.530000000002,29658.9,15405
2026-08-18T10:00:00+00:00,29658.9,29669.280000000002,29641.9,29648.030000000002,12939
2026-08-18T10:15:00+00:00,29648.030000000002,29668.780000000002,29630.100000000002,29653.4,11572
2026-08-18T10:30:00+00:00,29653.4,29671.65,29646.530000000002,29654.530000000002,11333
2026-08-18T10:45:00+00:00,29654.530000000002,29678.4,29647.4,29664.65,8374
2026-08-18T11:00:00+00:00,29664.65,29699.030000000002,29656.15,29694.4,14179
2026-08-18T11:15:00+00:00,29694.4,29699.780000000002,29679.9,29683.9,11561
2026-08-18T11:30:00+00:00,29683.9,29686.530000000002,29653.530000000002,29681.15,14143
2026-08-18T11:45:00+00:00,29681.15,29701.530000000002,29671.530000000002,29673.9,12440
2026-08-18T12:00:00+00:00,29673.9,29711.65,29652.9,29659.9,15204
2026-08-18T12:15:00+00:00,29659.9,29685.9,29637.65,29639.780000000002,14438
2026-08-18T12:30:00+00:00,29639.780000000002,29648.530000000002,29612.100000000002,29614.780000000002,14004
2026-08-18T12:45:00+00:00,29614.780000000002,29647.030000000002,29607.280000000002,29639.530000000002,10955
2026-08-18T13:00:00+00:00,29639.530000000002,29652.65,29617.15,29622.9,12381
2026-08-18T13:15:00+00:00,29622.9,29634.9,29604.4,29616.530000000002,19667
2026-08-18T13:30:00+00:00,29616.530000000002,29696.050000000003,29558.050000000003,29613.68,183824
2026-08-18T13:45:00+00:00,29613.68,29627.050000000003,29531.43,29573.43,119613
2026-08-18T14:00:00+00:00,29573.43,29632.300000000003,29494.800000000003,29513.43,109319
2026-08-18T14:15:00+00:00,29513.43,29610.800000000003,29504.300000000003,29595.68,96102
2026-08-18T14:30:00+00:00,29595.68,29617.43,29539.050000000003,29539.93,78143
2026-08-18T14:45:00+00:00,29539.93,29551.550000000003,29462.93,29474.43,63401
2026-08-18T15:00:00+00:00,29474.43,29497.68,29440.550000000003,29473.18,63544
2026-08-18T15:15:00+00:00,29473.18,29526.43,29458.550000000003,29517.93,47447
2026-08-18T15:30:00+00:00,29517.93,29536.550000000003,29492.93,29525.050000000003,45519
2026-08-18T15:45:00+00:00,29525.050000000003,29567.550000000003,29524.93,29563.050000000003,38034
2026-08-18T16:00:00+00:00,29563.050000000003,29589.550000000003,29552.300000000003,29572.93,33699
2026-08-18T16:15:00+00:00,29572.93,29583.68,29536.050000000003,29536.550000000003,31028
2026-08-18T16:30:00+00:00,29536.550000000003,29576.550000000003,29530.300000000003,29555.93,31197
2026-08-18T16:45:00+00:00,29555.93,29597.550000000003,29545.550000000003,29576.050000000003,27620
2026-08-18T17:00:00+00:00,29576.050000000003,29587.550000000003,29545.050000000003,29561.800000000003,27778
2026-08-18T17:15:00+00:00,29561.800000000003,29562.050000000003,29519.68,29542.18,21852
2026-08-18T17:30:00+00:00,29542.18,29548.300000000003,29518.18,29530.300000000003,23012
2026-08-18T17:45:00+00:00,29530.300000000003,29541.68,29491.93,29492.43,18837
2026-08-18T18:00:00+00:00,29492.43,29505.43,29473.68,29501.550000000003,24009
2026-08-18T18:15:00+00:00,29501.550000000003,29541.18,29497.050000000003,29529.68,22318
2026-08-18T18:30:00+00:00,29529.68,29540.300000000003,29510.800000000003,29512.550000000003,18418
2026-08-18T18:45:00+00:00,29512.550000000003,29524.18,29492.050000000003,29497.800000000003,18286
2026-08-18T19:00:00+00:00,29497.800000000003,29512.43,29491.050000000003,29498.550000000003,19661
2026-08-18T19:15:00+00:00,29498.550000000003,29532.93,29491.300000000003,29526.300000000003,20514
2026-08-18T19:30:00+00:00,29526.300000000003,29532.18,29509.43,29527.050000000003,22794
2026-08-18T19:45:00+00:00,29527.050000000003,29535.93,29485.93,29513.050000000003,39100
2026-08-18T20:00:00+00:00,29513.050000000003,29523.15,29492.280000000002,29499.4,12217
2026-08-18T20:15:00+00:00,29499.4,29506.9,29487.65,29504.530000000002,4921
2026-08-18T20:30:00+00:00,29504.530000000002,29511.9,29500.65,29503.65,2998
2026-08-18T20:45:00+00:00,29503.65,29504.65,29476.4,29487.72,5269
2026-08-18T22:00:00+00:00,29487.72,29512.38,29479.95,29504.88,7490
2026-08-18T22:15:00+00:00,29504.88,29523.5,29475.75,29477.25,6321
2026-08-18T22:30:00+00:00,29477.25,29482.5,29452,29463,6761
2026-08-18T22:45:00+00:00,29463,29466,29447.63,29450,5302
2026-08-18T23:00:00+00:00,29450,29472,29445.63,29463.75,5478
2026-08-18T23:15:00+00:00,29463.75,29498,29451.88,29476.88,6047
2026-08-18T23:30:00+00:00,29476.88,29479.88,29453.88,29464.75,5549
2026-08-18T23:45:00+00:00,29464.75,29483.38,29455.25,29458.5,14542
2026-08-19T00:00:00+00:00,29458.5,29459.75,29369.45,29391,28653
2026-08-19T00:15:00+00:00,29391,29460.38,29380.63,29460,23140
2026-08-19T00:30:00+00:00,29460,29505.75,29459.88,29500.25,19803
2026-08-19T00:45:00+00:00,29500.25,29516.25,29464.63,29470.88,17515
2026-08-19T01:00:00+00:00,29470.88,29528.13,29460.88,29516.25,22961
2026-08-19T01:15:00+00:00,29516.25,29540,29499.88,29531.88,22097
2026-08-19T01:30:00+00:00,29531.88,29535.25,29494.38,29506.25,20941
2026-08-19T01:45:00+00:00,29506.25,29514.13,29493.5,29509,17798
2026-08-19T02:00:00+00:00,29509,29514,29456.5,29464,15050
2026-08-19T02:15:00+00:00,29464,29494,29452,29473,18750
2026-08-19T02:30:00+00:00,29473,29476.5,29445.2,29453.63,14180
2026-08-19T02:45:00+00:00,29453.63,29474.13,29448.88,29462,13417
2026-08-19T03:00:00+00:00,29462,29485.13,29451,29461.63,11391
2026-08-19T03:15:00+00:00,29461.63,29481.5,29450.5,29464.75,11929
2026-08-19T03:30:00+00:00,29464.75,29497.13,29459,29461.25,14358
2026-08-19T03:45:00+00:00,29461.25,29475.88,29446.88,29456.25,11253
2026-08-19T04:00:00+00:00,29456.25,29458.5,29436.2,29446.5,9887
2026-08-19T04:15:00+00:00,29446.5,29474,29437.88,29463.75,12662
2026-08-19T04:30:00+00:00,29463.75,29471.25,29428.5,29430.75,12669
2026-08-19T04:45:00+00:00,29430.75,29437.75,29394.38,29436.25,11305
2026-08-19T05:00:00+00:00,29436.25,29465.13,29412.75,29419,16037
2026-08-19T05:15:00+00:00,29419,29440.25,29396.88,29438.5,16474
2026-08-19T05:30:00+00:00,29438.5,29442.75,29390.2,29403.63,15798
2026-08-19T05:45:00+00:00,29403.63,29408.25,29377.25,29387.5,13605
2026-08-19T06:00:00+00:00,29387.5,29396.88,29361,29366.13,17905
2026-08-19T06:15:00+00:00,29366.13,29435,29365.38,29412.88,14232
2026-08-19T06:30:00+00:00,29412.88,29425.13,29390.5,29421.38,15107
2026-08-19T06:45:00+00:00,29421.38,29492,29421.38,29489.25,15886
2026-08-19T07:00:00+00:00,29489.25,29493.88,29451,29489.13,21052
2026-08-19T07:15:00+00:00,29489.13,29508.75,29463.63,29508.75,12964
2026-08-19T07:30:00+00:00,29508.75,29519.63,29477.5,29501.5,13199
2026-08-19T07:45:00+00:00,29501.5,29537,29499.75,29531.13,11733
2026-08-19T08:00:00+00:00,29531.13,29571.38,29522.75,29554.88,20562
2026-08-19T08:15:00+00:00,29554.88,29569.75,29538.25,29553,15895
2026-08-19T08:30:00+00:00,29553,29562.88,29530.88,29556.75,13073
2026-08-19T08:45:00+00:00,29556.75,29563.5,29537.75,29538.5,11958
2026-08-19T09:00:00+00:00,29538.5,29560.88,29524.13,29524.38,13117
2026-08-19T09:15:00+00:00,29524.38,29528.5,29496.63,29502.13,10372
2026-08-19T09:30:00+00:00,29502.13,29518,29480.25,29482.25,12130
2026-08-19T09:45:00+00:00,29482.25,29493.63,29466.88,29484.38,12793
2026-08-19T10:00:00+00:00,29484.38,29488,29440.88,29470.5,15337
2026-08-19T10:15:00+00:00,29470.5,29471.5,29442.38,29466.38,13675
2026-08-19T10:30:00+00:00,29466.38,29487.5,29459.5,29485.25,12118
2026-08-19T10:45:00+00:00,29485.25,29489.25,29448,29451.88,11333
2026-08-19T11:00:00+00:00,29451.88,29508.5,29439.63,29477.75,19216
2026-08-19T11:15:00+00:00,29477.75,29490.88,29462.13,29468,14755
2026-08-19T11:30:00+00:00,29468,29472.25,29438.38,29444.25,15135
2026-08-19T11:45:00+00:00,29444.25,29467.75,29437.38,29466.13,15121
2026-08-19T12:00:00+00:00,29466.13,29489,29441.88,29483.13,19269
2026-08-19T12:15:00+00:00,29483.13,29513.25,29480.13,29504.63,19787
2026-08-19T12:30:00+00:00,29504.63,29613.75,29479.38,29613.63,45858
2026-08-19T12:45:00+00:00,29613.63,29687.75,29613.63,29673.25,35561
2026-08-19T13:00:00+00:00,29673.25,29673.25,29610.5,29653.75,29426
2026-08-19T13:15:00+00:00,29653.75,29679,29626.25,29627.13,26659
2026-08-19T13:30:00+00:00,29627.13,29672.9,29491.530000000002,29541.030000000002,195398
2026-08-19T13:45:00+00:00,29541.030000000002,29566.530000000002,29338.780000000002,29427.780000000002,184318
2026-08-19T14:00:00+00:00,29427.780000000002,29445.65,29308.45,29313.280000000002,153508
2026-08-19T14:15:00+00:00,29313.280000000002,29415.530000000002,29307.030000000002,29413.530000000002,138578
2026-08-19T14:30:00+00:00,29413.530000000002,29506.15,29399.280000000002,29494.780000000002,87146
2026-08-19T14:45:00+00:00,29494.780000000002,29555.280000000002,29457.780000000002,29554.280000000002,69466
2026-08-19T15:00:00+00:00,29554.280000000002,29560.530000000002,29512.15,29547.530000000002,58791
2026-08-19T15:15:00+00:00,29547.530000000002,29561.530000000002,29519.4,29544.4,53341
2026-08-19T15:30:00+00:00,29544.4,29548.030000000002,29481.4,29527.530000000002,53325
2026-08-19T15:45:00+00:00,29527.530000000002,29546.9,29500.65,29538.030000000002,48234
2026-08-19T16:00:00+00:00,29538.030000000002,29584.4,29518.4,29567.9,35458
2026-08-19T16:15:00+00:00,29567.9,29598.15,29533.45,29540.280000000002,31652
2026-08-19T16:30:00+00:00,29540.280000000002,29552.4,29525.4,29540.9,33241
2026-08-19T16:45:00+00:00,29540.9,29542.15,29483.780000000002,29490.65,30707
2026-08-19T17:00:00+00:00,29490.65,29503.530000000002,29470.4,29478.780000000002,31016
2026-08-19T17:15:00+00:00,29478.780000000002,29487.4,29441.15,29470.65,32645
2026-08-19T17:30:00+00:00,29470.65,29475.15,29445.530000000002,29467.15,28508
2026-08-19T17:45:00+00:00,29467.15,29491.530000000002,29465.15,29475.65,19405
2026-08-19T18:00:00+00:00,29475.65,29522.280000000002,29430.160000000003,29450.160000000003,44648
2026-08-19T18:15:00+00:00,29450.160000000003,29471.030000000002,29422.660000000003,29469.910000000003,33813
2026-08-19T18:30:00+00:00,29469.910000000003,29509.660000000003,29467.660000000003,29491.030000000002,33191
2026-08-19T18:45:00+00:00,29491.030000000002,29491.910000000003,29458.530000000002,29465.780000000002,25524
2026-08-19T19:00:00+00:00,29465.780000000002,29489.910000000003,29460.280000000002,29478.030000000002,26999
2026-08-19T19:15:00+00:00,29478.030000000002,29510.410000000003,29474.280000000002,29486.660000000003,24602
2026-08-19T19:30:00+00:00,29486.660000000003,29520.780000000002,29458.160000000003,29461.660000000003,34669
2026-08-19T19:45:00+00:00,29461.660000000003,29463.660000000003,29416.160000000003,29452.280000000002,47933
2026-08-19T20:00:00+00:00,29452.280000000002,29472.760000000002,29448.13,29449.260000000002,12775
2026-08-19T20:15:00+00:00,29449.260000000002,29456.38,29444.760000000002,29455.38,5617
2026-08-19T20:30:00+00:00,29455.38,29462.260000000002,29450.63,29459.760000000002,3914
2026-08-19T20:45:00+00:00,29459.760000000002,29492.63,29457.88,29490.710000000003,4920
2026-08-19T22:00:00+00:00,29490.710000000003,29568.120000000003,29484.320000000003,29556.000000000004,12452
2026-08-19T22:15:00+00:00,29556.000000000004,29562.120000000003,29536.570000000003,29550.500000000004,5562
2026-08-19T22:30:00+00:00,29550.500000000004,29567.370000000003,29543.120000000003,29560.250000000004,5193
2026-08-19T22:45:00+00:00,29560.250000000004,29583.750000000004,29558.000000000004,29579.620000000003,4054
2026-08-19T23:00:00+00:00,29579.620000000003,29617.32,29562.620000000003,29581.5,8591
2026-08-19T23:15:00+00:00,29581.5,29589.75,29573.25,29580.75,4185
2026-08-19T23:30:00+00:00,29580.75,29595.870000000003,29573.75,29588.75,4660
2026-08-19T23:45:00+00:00,29588.75,29591.25,29556.370000000003,29559,9467
2026-08-20T00:00:00+00:00,29559,29560.25,29512,29559.620000000003,28887
2026-08-20T00:15:00+00:00,29559.620000000003,29594.620000000003,29554.870000000003,29560.620000000003,21084
2026-08-20T00:30:00+00:00,29560.620000000003,29594.25,29546.870000000003,29584.5,19242
2026-08-20T00:45:00+00:00,29584.5,29605,29572.870000000003,29600.370000000003,16843
2026-08-20T01:00:00+00:00,29600.370000000003,29613.5,29570,29574.370000000003,21028
2026-08-20T01:15:00+00:00,29574.370000000003,29596.25,29554.370000000003,29564.370000000003,24294
2026-08-20T01:30:00+00:00,29564.370000000003,29600.620000000003,29554.370000000003,29598.370000000003,25917
2026-08-20T01:45:00+00:00,29598.370000000003,29604.25,29560.370000000003,29572.75,18655
2026-08-20T02:00:00+00:00,29572.75,29612.370000000003,29569.870000000003,29597.25,16336
2026-08-20T02:15:00+00:00,29597.25,29599.25,29543.120000000003,29561.620000000003,18305
2026-08-20T02:30:00+00:00,29561.620000000003,29591.5,29540,29576,18198
2026-08-20T02:45:00+00:00,29576,29577.120000000003,29541,29559.5,13256
2026-08-20T03:00:00+00:00,29559.5,29583.870000000003,29535.75,29554.5,15360
2026-08-20T03:15:00+00:00,29554.5,29585.870000000003,29550.75,29556.120000000003,11620
2026-08-20T03:30:00+00:00,29556.120000000003,29558.120000000003,29526.75,29549.5,14889
2026-08-20T03:45:00+00:00,29549.5,29560.120000000003,29541.120000000003,29547.620000000003,10151
2026-08-20T04:00:00+00:00,29547.620000000003,29584.620000000003,29540.870000000003,29584.120000000003,8942
2026-08-20T04:15:00+00:00,29584.120000000003,29585.120000000003,29565.5,29569.370000000003,9691
2026-08-20T04:30:00+00:00,29569.370000000003,29570.370000000003,29538.120000000003,29557.870000000003,12700
2026-08-20T04:45:00+00:00,29557.870000000003,29570,29541.620000000003,29547.370000000003,11248
2026-08-20T05:00:00+00:00,29547.370000000003,29553.120000000003,29518,29526.370000000003,14414
2026-08-20T05:15:00+00:00,29526.370000000003,29570.370000000003,29523.870000000003,29546.5,13914
2026-08-20T05:30:00+00:00,29546.5,29563.870000000003,29534.25,29543.870000000003,14675
2026-08-20T05:45:00+00:00,29543.870000000003,29547.620000000003,29528.870000000003,29535.5,11604
2026-08-20T06:00:00+00:00,29535.5,29595.620000000003,29533,29589.120000000003,15328
2026-08-20T06:15:00+00:00,29589.120000000003,29590.370000000003,29568.620000000003,29583.620000000003,12416
2026-08-20T06:30:00+00:00,29583.620000000003,29606.370000000003,29576.870000000003,29601.120000000003,11594
2026-08-20T06:45:00+00:00,29601.120000000003,29615.75,29596.75,29601.75,10135
2026-08-20T07:00:00+00:00,29601.75,29601.75,29562.5,29567.620000000003,18725
2026-08-20T07:15:00+00:00,29567.620000000003,29577.620000000003,29535,29545,15625
2026-08-20T07:30:00+00:00,29545,29564.120000000003,29525.25,29536.120000000003,16446
2026-08-20T07:45:00+00:00,29536.120000000003,29566.370000000003,29522.870000000003,29523.870000000003,12665
2026-08-20T08:00:00+00:00,29523.870000000003,29534.370000000003,29449.620000000003,29466.620000000003,28120
2026-08-20T08:15:00+00:00,29466.620000000003,29478,29426.120000000003,29431.620000000003,23979
2026-08-20T08:30:00+00:00,29431.620000000003,29454.120000000003,29395.370000000003,29429.5,21624
2026-08-20T08:45:00+00:00,29429.5,29433.5,29386,29406.620000000003,20437
2026-08-20T09:00:00+00:00,29406.620000000003,29472.370000000003,29396.75,29452.75,19491
2026-08-20T09:15:00+00:00,29452.75,29471.370000000003,29442.5,29457.75,15626
2026-08-20T09:30:00+00:00,29457.75,29467.25,29437.370000000003,29464.25,16738
2026-08-20T09:45:00+00:00,29464.25,29476.25,29442.75,29457.25,15116
2026-08-20T10:00:00+00:00,29457.25,29491.120000000003,29442.120000000003,29486.5,16685
2026-08-20T10:15:00+00:00,29486.5,29488.25,29456.75,29466.75,13440
2026-08-20T10:30:00+00:00,29466.75,29478,29445.75,29454.75,16903
2026-08-20T10:45:00+00:00,29454.75,29495.370000000003,29454.25,29495.120000000003,13827
2026-08-20T11:00:00+00:00,29495.120000000003,29511.120000000003,29393.25,29417.370000000003,25324
2026-08-20T11:15:00+00:00,29417.370000000003,29427.75,29352.120000000003,29354.620000000003,22385
2026-08-20T11:30:00+00:00,29354.620000000003,29383,29347.620000000003,29353.370000000003,23607
2026-08-20T11:45:00+00:00,29353.370000000003,29353.75,29279,29290.370000000003,28308
2026-08-20T12:00:00+00:00,29290.370000000003,29304.120000000003,29194.120000000003,29202.25,37265
2026-08-20T12:15:00+00:00,29202.25,29235,29194.120000000003,29205.57,34918
2026-08-20T12:30:00+00:00,29205.57,29222,29171.5,29220.25,34407
2026-08-20T12:45:00+00:00,29220.25,29279.25,29213.620000000003,29275.5,21754
2026-08-20T13:00:00+00:00,29275.5,29302.370000000003,29263.620000000003,29267.75,24149
2026-08-20T13:15:00+00:00,29267.75,29298.5,29253.75,29282.620000000003,27094
2026-08-20T13:30:00+00:00,29282.620000000003,29399.65,29269.77,29373.27,192070
2026-08-20T13:45:00+00:00,29373.27,29388.65,29240.4,29283.02,160874
2026-08-20T14:00:00+00:00,29283.02,29334.65,29247.27,29297.65,157330
2026-08-20T14:15:00+00:00,29297.65,29342.52,29238.4,29280.27,123731
2026-08-20T14:30:00+00:00,29280.27,29358.65,29259.27,29351.65,96648
2026-08-20T14:45:00+00:00,29351.65,29363.15,29279.9,29322.65,82965
2026-08-20T15:00:00+00:00,29322.65,29380.4,29255.9,29295.15,102491
2026-08-20T15:15:00+00:00,29295.15,29299.4,29231.52,29274.4,72751
2026-08-20T15:30:00+00:00,29274.4,29279.77,29206.65,29208.27,61290
2026-08-20T15:45:00+00:00,29208.27,29262.27,29200.02,29260.02,49956
2026-08-20T16:00:00+00:00,29260.02,29275.4,29232.77,29237.77,43941
2026-08-20T16:15:00+00:00,29237.77,29285.52,29235.9,29270.52,38070
2026-08-20T16:30:00+00:00,29270.52,29307.27,29240.27,29307.27,35007
2026-08-20T16:45:00+00:00,29307.27,29318.65,29286.52,29309.27,33169
2026-08-20T17:00:00+00:00,29309.27,29311.77,29265.27,29266.9,31852
2026-08-20T17:15:00+00:00,29266.9,29268.27,29222.52,29224.77,33021
2026-08-20T17:30:00+00:00,29224.77,29233.9,29213.02,29220.02,26214
2026-08-20T17:45:00+00:00,29220.02,29255.52,29217.27,29222.52,25829
2026-08-20T18:00:00+00:00,29222.52,29222.52,29145.9,29160.52,34804
2026-08-20T18:15:00+00:00,29160.52,29178.02,29133.02,29163.15,28646
2026-08-20T18:30:00+00:00,29163.15,29167.02,29142.02,29164.27,24562
2026-08-20T18:45:00+00:00,29164.27,29188.77,29157.52,29173.9,24987
2026-08-20T19:00:00+00:00,29173.9,29223.15,29172.52,29210.9,26924
2026-08-20T19:15:00+00:00,29210.9,29237.27,29198.27,29234.27,23988
2026-08-20T19:30:00+00:00,29234.27,29265.27,29221.15,29241.02,28331
2026-08-20T19:45:00+00:00,29241.02,29259.9,29216.9,29233.77,42232
2026-08-20T20:00:00+00:00,29233.77,29250.25,29207,29210.620000000003,16490
2026-08-20T20:15:00+00:00,29210.620000000003,29222.870000000003,29193.870000000003,29217.75,6835
2026-08-20T20:30:00+00:00,29217.75,29238.75,29215,29232,5412
2026-08-20T20:45:00+00:00,29232,29248.75,29225.620000000003,29247.45,4444
2026-08-20T22:00:00+00:00,29247.45,29274.190000000002,29204.32,29208.07,10391
2026-08-20T22:15:00+00:00,29208.07,29220.82,29207.690000000002,29216.82,4534
2026-08-20T22:30:00+00:00,29216.82,29238.57,29212.07,29230.940000000002,4864
2026-08-20T22:45:00+00:00,29230.940000000002,29255.57,29226.57,29252.190000000002,3697
2026-08-20T23:00:00+00:00,29252.190000000002,29253.07,29243.57,29247.940000000002,3214
2026-08-20T23:15:00+00:00,29247.940000000002,29258.07,29242.57,29245.82,3378
2026-08-20T23:30:00+00:00,29245.82,29252.940000000002,29226.440000000002,29246.440000000002,4509
2026-08-20T23:45:00+00:00,29246.440000000002,29247.190000000002,29216.57,29223.32,15687
2026-08-21T00:00:00+00:00,29223.32,29294.32,29221.07,29290.940000000002,27662
2026-08-21T00:15:00+00:00,29290.940000000002,29290.940000000002,29245.32,29255.940000000002,20294
2026-08-21T00:30:00+00:00,29255.940000000002,29285.82,29242.57,29283.82,18406
2026-08-21T00:45:00+00:00,29283.82,29291.940000000002,29250.57,29250.82,16918
2026-08-21T01:00:00+00:00,29250.82,29264.440000000002,29222.190000000002,29260.57,23472
2026-08-21T01:15:00+00:00,29260.57,29286.32,29243.690000000002,29270.07,20054
2026-08-21T01:30:00+00:00,29270.07,29286.190000000002,29250.190000000002,29280.32,20328
2026-08-21T01:45:00+00:00,29280.32,29302.07,29263.940000000002,29283.07,13295
2026-08-21T02:00:00+00:00,29283.07,29302.440000000002,29273.440000000002,29302.440000000002,13378
2026-08-21T02:15:00+00:00,29302.440000000002,29324.32,29296.82,29319.32,11229
2026-08-21T02:30:00+00:00,29319.32,29325.440000000002,29306.690000000002,29310.82,11026
2026-08-21T02:45:00+00:00,29310.82,29328.82,29307.07,29313.940000000002,10081
2026-08-21T03:00:00+00:00,29313.940000000002,29317.57,29285.07,29286.07,9219
2026-08-21T03:15:00+00:00,29286.07,29300.57,29279.190000000002,29292.190000000002,9816
2026-08-21T03:30:00+00:00,29292.190000000002,29306.690000000002,29283.940000000002,29286.57,12217
2026-08-21T03:45:00+00:00,29286.57,29293.690000000002,29272.57,29282.32,10607
2026-08-21T04:00:00+00:00,29282.32,29299.32,29278.940000000002,29297.07,10572
2026-08-21T04:15:00+00:00,29297.07,29301.32,29260.190000000002,29260.190000000002,9627
2026-08-21T04:30:00+00:00,29260.190000000002,29268.190000000002,29251.07,29264.07,8930
2026-08-21T04:45:00+00:00,29264.07,29294.190000000002,29262.82,29287.690000000002,8106
2026-08-21T05:00:00+00:00,29287.690000000002,29300.190000000002,29282.440000000002,29295.190000000002,9775
2026-08-21T05:15:00+00:00,29295.190000000002,29309.690000000002,29281.190000000002,29283.190000000002,9639
2026-08-21T05:30:00+00:00,29283.190000000002,29306.690000000002,29278.690000000002,29290.57,9950
2026-08-21T05:45:00+00:00,29290.57,29296.190000000002,29270.440000000002,29295.440000000002,10259
2026-08-21T06:00:00+00:00,29295.440000000002,29305.07,29284.690000000002,29302.940000000002,13105
2026-08-21T06:15:00+00:00,29302.940000000002,29311.07,29295.690000000002,29305.690000000002,10102
2026-08-21T06:30:00+00:00,29305.690000000002,29330.57,29298.940000000002,29302.32,9201
2026-08-21T06:45:00+00:00,29302.32,29318.82,29295.32,29316.32,9304
2026-08-21T07:00:00+00:00,29316.32,29357.57,29310.07,29357.440000000002,13976
2026-08-21T07:15:00+00:00,29357.440000000002,29385.440000000002,29345.32,29355.82,10562
2026-08-21T07:30:00+00:00,29355.82,29383.190000000002,29351.190000000002,29353.32,12360
2026-08-21T07:45:00+00:00,29353.32,29376.190000000002,29352.690000000002,29376.190000000002,9924
2026-08-21T08:00:00+00:00,29376.190000000002,29391.940000000002,29338.57,29346.82,17434
2026-08-21T08:15:00+00:00,29346.82,29353.940000000002,29320.940000000002,29351.690000000002,16026
2026-08-21T08:30:00+00:00,29351.690000000002,29386.190000000002,29348.190000000002,29384.690000000002,14040
2026-08-21T08:45:00+00:00,29384.690000000002,29397.07,29377.440000000002,29382.82,11131
2026-08-21T09:00:00+00:00,29382.82,29384.690000000002,29341.940000000002,29367.57,17365
2026-08-21T09:15:00+00:00,29367.57,29374.32,29359.690000000002,29364.440000000002,10037
2026-08-21T09:30:00+00:00,29364.440000000002,29412.440000000002,29359.82,29403.82,9052
2026-08-21T09:45:00+00:00,29403.82,29420.940000000002,29394.440000000002,29414.940000000002,8744
2026-08-21T10:00:00+00:00,29414.940000000002,29444.940000000002,29406.940000000002,29414.190000000002,11643
2026-08-21T10:15:00+00:00,29414.190000000002,29420.690000000002,29399.940000000002,29419.57,9246
2026-08-21T10:30:00+00:00,29419.57,29422.32,29402.440000000002,29407.690000000002,8150
2026-08-21T10:45:00+00:00,29407.690000000002,29415.82,29403.57,29409.190000000002,9029
2026-08-21T11:00:00+00:00,29409.190000000002,29415.190000000002,29382.82,29397.440000000002,14411
2026-08-21T11:15:00+00:00,29397.440000000002,29454.190000000002,29396.32,29447.440000000002,18613
2026-08-21T11:30:00+00:00,29447.440000000002,29467.57,29431.690000000002,29460.82,18067
2026-08-21T11:45:00+00:00,29460.82,29461.07,29428.07,29429.82,11018
2026-08-21T12:00:00+00:00,29429.82,29433.07,29409.440000000002,29416.940000000002,13848
2026-08-21T12:15:00+00:00,29416.940000000002,29446.57,29408.57,29445.690000000002,12617
2026-08-21T12:30:00+00:00,29445.690000000002,29459.32,29438.82,29458.32,14873
2026-08-21T12:45:00+00:00,29458.32,29461.690000000002,29433.190000000002,29440.940000000002,11131
2026-08-21T13:00:00+00:00,29440.940000000002,29445.440000000002,29397.32,29398.82,14159
2026-08-21T13:15:00+00:00,29398.82,29414.57,29347.82,29398.940000000002,24881
2026-08-21T13:30:00+00:00,29398.940000000002,29398.940000000002,29243.47,29249.89,137011
2026-08-21T13:45:00+00:00,29249.89,29287.97,29188.97,29233.72,102101
2026-08-21T14:00:00+00:00,29233.72,29264.09,29180.22,29183.47,100074
2026-08-21T14:15:00+00:00,29183.47,29240.72,29150.97,29209.22,96220
2026-08-21T14:30:00+00:00,29209.22,29239.59,29189.97,29225.84,79963
2026-08-21T14:45:00+00:00,29225.84,29262.84,29219.09,29261.97,67124
2026-08-21T15:00:00+00:00,29261.97,29298.59,29256.84,29283.09,46795
2026-08-21T15:15:00+00:00,29283.09,29300.97,29262.22,29297.34,40253
2026-08-21T15:30:00+00:00,29297.34,29401.34,29294.34,29381.84,41821
2026-08-21T15:45:00+00:00,29381.84,29418.09,29356.09,29374.47,36689
2026-08-21T16:00:00+00:00,29374.47,29377.09,29319.97,29324.22,36170
2026-08-21T16:15:00+00:00,29324.22,29382.09,29318.59,29340.34,39480
2026-08-21T16:30:00+00:00,29340.34,29354.72,29324.09,29347.59,24690
2026-08-21T16:45:00+00:00,29347.59,29347.59,29310.97,29342.09,25782
2026-08-21T17:00:00+00:00,29342.09,29353.59,29329.34,29338.47,23261
2026-08-21T17:15:00+00:00,29338.47,29340.09,29306.72,29325.59,24985
2026-08-21T17:30:00+00:00,29325.59,29334.72,29313.09,29334.59,22944
2026-08-21T17:45:00+00:00,29334.59,29340.34,29312.59,29313.59,19410
2026-08-21T18:00:00+00:00,29313.59,29335.09,29303.09,29304.84,20022
2026-08-21T18:15:00+00:00,29304.84,29321.72,29293.22,29293.47,16847
2026-08-21T18:30:00+00:00,29293.47,29301.97,29284.34,29296.84,16425
2026-08-21T18:45:00+00:00,29296.84,29333.34,29294.09,29330.09,15252
2026-08-21T19:00:00+00:00,29330.09,29344.34,29315.09,29318.34,19545
2026-08-21T19:15:00+00:00,29318.34,29334.59,29310.59,29323.72,16613
2026-08-21T19:30:00+00:00,29323.72,29341.59,29323.72,29340.84,17093
2026-08-21T19:45:00+00:00,29340.84,29361.97,29305.84,29325.59,31090
2026-08-21T20:00:00+00:00,29325.59,29326.690000000002,29302.32,29311.57,12078
2026-08-21T20:15:00+00:00,29311.57,29318.06,29297.69,29300.56,5368
2026-08-21T20:30:00+00:00,29300.56,29316.440000000002,29300.06,29315.140000000003,3986
2026-08-23T22:00:00+00:00,29315.140000000003,29346.800000000003,29239,29269.300000000003,14039
2026-08-23T22:15:00+00:00,29269.300000000003,29280.550000000003,29251.5,29276.43,8197
2026-08-23T22:30:00+00:00,29276.43,29321.93,29273.75,29319.550000000003,6597
2026-08-23T22:45:00+00:00,29319.550000000003,29337.43,29318.300000000003,29328.18,5760
2026-08-23T23:00:00+00:00,29328.18,29331.43,29322.550000000003,29324.800000000003,3283
2026-08-23T23:15:00+00:00,29324.800000000003,29367.43,29323.43,29366.43,4997
2026-08-23T23:30:00+00:00,29366.43,29385.300000000003,29356.050000000003,29358.43,5949
2026-08-23T23:45:00+00:00,29358.43,29418.300000000003,29358.300000000003,29405.300000000003,15328
2026-08-24T00:00:00+00:00,29405.300000000003,29410.050000000003,29362.050000000003,29373.800000000003,28915
2026-08-24T00:15:00+00:00,29373.800000000003,29375.430000000004,29273.800000000003,29294.800000000003,35915
2026-08-24T00:30:00+00:00,29294.800000000003,29314.680000000004,29276.680000000004,29292.800000000003,29621
2026-08-24T00:45:00+00:00,29292.800000000003,29366.180000000004,29290.800000000003,29363.930000000004,25331
2026-08-24T01:00:00+00:00,29363.930000000004,29380.300000000003,29337.050000000003,29373.930000000004,27684
2026-08-24T01:15:00+00:00,29373.930000000004,29385.550000000003,29346.300000000003,29347.430000000004,26272
2026-08-24T01:30:00+00:00,29347.430000000004,29349.300000000003,29322.180000000004,29330.680000000004,27280
2026-08-24T01:45:00+00:00,29330.680000000004,29342.050000000003,29259.300000000003,29260.300000000003,24788
2026-08-24T02:00:00+00:00,29260.300000000003,29295.050000000003,29239.550000000003,29291.180000000004,26221
2026-08-24T02:15:00+00:00,29291.180000000004,29309.800000000003,29286.050000000003,29301.680000000004,19015
2026-08-24T02:30:00+00:00,29301.680000000004,29310.930000000004,29294.430000000004,29307.680000000004,18343
2026-08-24T02:45:00+00:00,29307.680000000004,29315.550000000003,29279.800000000003,29308.680000000004,19199
2026-08-24T03:00:00+00:00,29308.680000000004,29309.930000000004,29241.680000000004,29242.300000000003,15191
2026-08-24T03:15:00+00:00,29242.300000000003,29250.550000000003,29228.550000000003,29233.550000000003,15217
2026-08-24T03:30:00+00:00,29233.550000000003,29243.550000000003,29221.300000000003,29222.930000000004,18829
2026-08-24T03:45:00+00:00,29222.930000000004,29240.300000000003,29203.750000000004,29209.680000000004,12986
2026-08-24T04:00:00+00:00,29209.680000000004,29237.050000000003,29207.680000000004,29236.550000000003,12583
2026-08-24T04:15:00+00:00,29236.550000000003,29238.800000000003,29209.800000000003,29229.550000000003,15030
2026-08-24T04:30:00+00:00,29229.550000000003,29237.680000000004,29213.930000000004,29237.430000000004,16108
2026-08-24T04:45:00+00:00,29237.430000000004,29241.300000000003,29201.930000000004,29204.180000000004,15850
2026-08-24T05:00:00+00:00,29204.180000000004,29234.800000000003,29200.000000000004,29231.430000000004,16583
2026-08-24T05:15:00+00:00,29231.430000000004,29231.430000000004,29185.680000000004,29186.300000000003,15887
2026-08-24T05:30:00+00:00,29186.300000000003,29204.430000000004,29146.180000000004,29177.180000000004,17754
2026-08-24T05:45:00+00:00,29177.180000000004,29184.050000000003,29133.930000000004,29137.800000000003,15985
2026-08-24T06:00:00+00:00,29137.800000000003,29156.680000000004,29082.550000000003,29089.930000000004,22009
2026-08-24T06:15:00+00:00,29089.930000000004,29116.300000000003,29063.680000000004,29103.550000000003,18732
2026-08-24T06:30:00+00:00,29103.550000000003,29118.430000000004,29081.930000000004,29088.550000000003,14567
2026-08-24T06:45:00+00:00,29088.550000000003,29115.930000000004,29080.300000000003,29101.550000000003,14287
2026-08-24T07:00:00+00:00,29101.550000000003,29142.180000000004,29085.050000000003,29138.300000000003,22439
2026-08-24T07:15:00+00:00,29138.300000000003,29146.550000000003,29116.680000000004,29120.050000000003,17246
2026-08-24T07:30:00+00:00,29120.050000000003,29150.550000000003,29099.550000000003,29100.300000000003,13359
2026-08-24T07:45:00+00:00,29100.300000000003,29113.180000000004,29070.430000000004,29083.930000000004,16472
2026-08-24T08:00:00+00:00,29083.930000000004,29141.930000000004,29055.050000000003,29122.680000000004,30538
2026-08-24T08:15:00+00:00,29122.680000000004,29147.430000000004,29109.800000000003,29129.180000000004,19802
2026-08-24T08:30:00+00:00,29129.180000000004,29163.800000000003,29118.300000000003,29161.800000000003,15332
2026-08-24T08:45:00+00:00,29161.800000000003,29177.680000000004,29151.800000000003,29152.430000000004,11459
2026-08-24T09:00:00+00:00,29152.430000000004,29185.430000000004,29139.300000000003,29171.550000000003,14275
2026-08-24T09:15:00+00:00,29171.550000000003,29173.300000000003,29145.680000000004,29148.050000000003,10819
2026-08-24T09:30:00+00:00,29148.050000000003,29179.050000000003,29147.800000000003,29173.550000000003,10701
2026-08-24T09:45:00+00:00,29173.550000000003,29187.430000000004,29165.430000000004,29169.800000000003,11036
2026-08-24T10:00:00+00:00,29169.800000000003,29184.550000000003,29152.800000000003,29153.550000000003,13345
2026-08-24T10:15:00+00:00,29153.550000000003,29173.930000000004,29144.300000000003,29147.300000000003,10648
2026-08-24T10:30:00+00:00,29147.300000000003,29177.300000000003,29137.050000000003,29146.180000000004,10955
2026-08-24T10:45:00+00:00,29146.180000000004,29148.430000000004,29117.930000000004,29122.800000000003,12530
2026-08-24T11:00:00+00:00,29122.800000000003,29129.930000000004,29084.180000000004,29106.300000000003,23299
2026-08-24T11:15:00+00:00,29106.300000000003,29141.430000000004,29103.800000000003,29120.550000000003,16082
2026-08-24T11:30:00+00:00,29120.550000000003,29220.680000000004,29120.550000000003,29198.050000000003,34268
2026-08-24T11:45:00+00:00,29198.050000000003,29198.050000000003,29169.550000000003,29185.180000000004,19354
2026-08-24T12:00:00+00:00,29185.180000000004,29185.180000000004,29145.930000000004,29149.800000000003,17706
2026-08-24T12:15:00+00:00,29149.800000000003,29169.050000000003,29141.930000000004,29168.050000000003,18278
2026-08-24T12:30:00+00:00,29168.050000000003,29175.750000000004,29113.250000000004,29141.300000000003,25308
2026-08-24T12:45:00+00:00,29141.300000000003,29170.180000000004,29137.680000000004,29143.680000000004,17080
2026-08-24T13:00:00+00:00,29143.680000000004,29157.680000000004,29134.930000000004,29146.180000000004,22919
2026-08-24T13:15:00+00:00,29146.180000000004,29174.430000000004,29134.800000000003,29174.430000000004,24198
2026-08-24T13:30:00+00:00,29174.430000000004,29181.580000000005,28918.080000000005,28918.080000000005,157038
2026-08-24T13:45:00+00:00,28918.080000000005,28975.830000000005,28886.830000000005,28960.830000000005,137700
2026-08-24T14:00:00+00:00,28960.830000000005,28974.330000000005,28892.580000000005,28931.950000000004,98991
2026-08-24T14:15:00+00:00,28931.950000000004,28971.580000000005,28907.080000000005,28950.830000000005,75345
2026-08-24T14:30:00+00:00,28950.830000000005,29048.580000000005,28940.580000000005,29024.330000000005,64581
2026-08-24T14:45:00+00:00,29024.330000000005,29048.080000000005,29016.200000000004,29021.580000000005,48455
2026-08-24T15:00:00+00:00,29021.580000000005,29033.830000000005,28981.200000000004,28987.200000000004,47992
2026-08-24T15:15:00+00:00,28987.200000000004,29074.950000000004,28978.580000000005,29060.200000000004,43432
2026-08-24T15:30:00+00:00,29060.200000000004,29120.200000000004,29050.580000000005,29114.330000000005,42727
2026-08-24T15:45:00+00:00,29114.330000000005,29142.700000000004,29088.830000000005,29107.200000000004,33682
2026-08-24T16:00:00+00:00,29107.200000000004,29127.580000000005,29095.580000000005,29118.830000000005,38106
2026-08-24T16:15:00+00:00,29118.830000000005,29162.450000000004,29117.200000000004,29142.200000000004,32370
2026-08-24T16:30:00+00:00,29142.200000000004,29149.950000000004,29112.950000000004,29122.830000000005,25009
2026-08-24T16:45:00+00:00,29122.830000000005,29131.080000000005,29108.950000000004,29108.950000000004,23196
2026-08-24T17:00:00+00:00,29108.950000000004,29148.580000000005,29093.200000000004,29133.080000000005,30439
2026-08-24T17:15:00+00:00,29133.080000000005,29133.450000000004,29070.950000000004,29078.330000000005,35251
2026-08-24T17:30:00+00:00,29078.330000000005,29080.450000000004,29057.330000000005,29057.700000000004,25516
2026-08-24T17:45:00+00:00,29057.700000000004,29081.330000000005,29054.950000000004,29061.830000000005,22188
2026-08-24T18:00:00+00:00,29061.830000000005,29126.700000000004,29061.700000000004,29125.700000000004,23259
2026-08-24T18:15:00+00:00,29125.700000000004,29161.580000000005,29111.450000000004,29156.950000000004,24778
2026-08-24T18:30:00+00:00,29156.950000000004,29171.450000000004,29118.950000000004,29128.080000000005,24084
2026-08-24T18:45:00+00:00,29128.080000000005,29131.830000000005,29091.950000000004,29092.700000000004,20121
2026-08-24T19:00:00+00:00,29092.700000000004,29100.700000000004,29081.450000000004,29094.330000000005,20932
2026-08-24T19:15:00+00:00,29094.330000000005,29104.080000000005,29081.580000000005,29096.330000000005,17978
2026-08-24T19:30:00+00:00,29096.330000000005,29110.700000000004,29063.950000000004,29069.200000000004,21473
2026-08-24T19:45:00+00:00,29069.200000000004,29079.080000000005,29035.200000000004,29037.950000000004,32013
2026-08-24T20:00:00+00:00,29037.950000000004,29061.180000000004,29035.300000000003,29047.300000000003,11268
2026-08-24T20:15:00+00:00,29047.300000000003,29051.050000000003,29019.180000000004,29022.430000000004,5569
2026-08-24T20:30:00+00:00,29022.430000000004,29040.050000000003,29021.300000000003,29038.300000000003,3703
2026-08-24T20:45:00+00:00,29038.300000000003,29073.300000000003,29027.550000000003,29067.630000000005,4503
2026-08-24T22:00:00+00:00,29067.630000000005,29090.470000000005,29062.400000000005,29065.150000000005,7115
2026-08-24T22:15:00+00:00,29065.150000000005,29071.150000000005,29062.270000000004,29066.270000000004,3637
2026-08-24T22:30:00+00:00,29066.270000000004,29070.900000000005,29056.150000000005,29059.770000000004,3808
2026-08-24T22:45:00+00:00,29059.770000000004,29062.900000000005,29053.650000000005,29062.520000000004,3239
2026-08-24T23:00:00+00:00,29062.520000000004,29066.020000000004,29058.400000000005,29066.020000000004,2830
2026-08-24T23:15:00+00:00,29066.020000000004,29069.520000000004,29047.770000000004,29048.270000000004,4411
2026-08-24T23:30:00+00:00,29048.270000000004,29057.400000000005,29014.270000000004,29026.270000000004,7699
2026-08-24T23:45:00+00:00,29026.270000000004,29041.150000000005,29023.150000000005,29037.650000000005,16380
2026-08-25T00:00:00+00:00,29037.650000000005,29044.020000000004,28981.020000000004,28983.770000000004,33266
2026-08-25T00:15:00+00:00,28983.770000000004,29025.900000000005,28959.270000000004,29022.150000000005,32666
2026-08-25T00:30:00+00:00,29022.150000000005,29071.770000000004,29014.020000000004,29065.770000000004,29707
2026-08-25T00:45:00+00:00,29065.770000000004,29086.270000000004,29048.270000000004,29068.770000000004,26045
2026-08-25T01:00:00+00:00,29068.770000000004,29085.150000000005,29056.020000000004,29070.650000000005,34987
2026-08-25T01:15:00+00:00,29070.650000000005,29078.650000000005,29037.770000000004,29056.400000000005,28035
2026-08-25T01:30:00+00:00,29056.400000000005,29097.020000000004,29050.020000000004,29077.020000000004,35226
2026-08-25T01:45:00+00:00,29077.020000000004,29093.650000000005,29067.150000000005,29067.900000000005,29244
2026-08-25T02:00:00+00:00,29067.900000000005,29087.520000000004,29046.150000000005,29058.270000000004,23540
2026-08-25T02:15:00+00:00,29058.270000000004,29090.020000000004,29045.520000000004,29087.020000000004,23556
2026-08-25T02:30:00+00:00,29087.020000000004,29109.650000000005,29076.400000000005,29078.650000000005,24719
2026-08-25T02:45:00+00:00,29078.650000000005,29080.400000000005,29035.400000000005,29044.020000000004,18838
2026-08-25T03:00:00+00:00,29044.020000000004,29108.150000000005,29042.400000000005,29092.900000000005,22730
2026-08-25T03:15:00+00:00,29092.900000000005,29117.400000000005,29092.650000000005,29116.770000000004,17550
2026-08-25T03:30:00+00:00,29116.770000000004,29131.400000000005,29105.270000000004,29110.020000000004,18825
2026-08-25T03:45:00+00:00,29110.020000000004,29111.020000000004,29093.520000000004,29106.150000000005,15064
2026-08-25T04:00:00+00:00,29106.150000000005,29140.520000000004,29101.020000000004,29137.520000000004,17167
2026-08-25T04:15:00+00:00,29137.520000000004,29148.150000000005,29130.270000000004,29142.400000000005,12482
2026-08-25T04:30:00+00:00,29142.400000000005,29158.150000000005,29132.900000000005,29153.400000000005,15251
2026-08-25T04:45:00+00:00,29153.400000000005,29157.900000000005,29127.150000000005,29141.770000000004,16383
2026-08-25T05:00:00+00:00,29141.770000000004,29166.400000000005,29131.520000000004,29144.900000000005,19165
2026-08-25T05:15:00+00:00,29144.900000000005,29168.520000000004,29144.650000000005,29162.020000000004,15612
2026-08-25T05:30:00+00:00,29162.020000000004,29175.900000000005,29143.770000000004,29146.270000000004,16514
2026-08-25T05:45:00+00:00,29146.270000000004,29182.650000000005,29143.270000000004,29173.900000000005,16617
2026-08-25T06:00:00+00:00,29173.900000000005,29203.400000000005,29172.020000000004,29189.650000000005,15564
2026-08-25T06:15:00+00:00,29189.650000000005,29229.150000000005,29184.020000000004,29207.900000000005,14815
2026-08-25T06:30:00+00:00,29207.900000000005,29209.020000000004,29185.020000000004,29203.650000000005,13690
2026-08-25T06:45:00+00:00,29203.650000000005,29205.020000000004,29178.400000000005,29204.900000000005,11915
2026-08-25T07:00:00+00:00,29204.900000000005,29231.650000000005,29192.400000000005,29194.150000000005,18683
2026-08-25T07:15:00+00:00,29194.150000000005,29204.520000000004,29168.650000000005,29189.020000000004,19505
2026-08-25T07:30:00+00:00,29189.020000000004,29203.020000000004,29174.270000000004,29198.900000000005,17112
2026-08-25T07:45:00+00:00,29198.900000000005,29200.770000000004,29168.650000000005,29174.400000000005,16389
2026-08-25T08:00:00+00:00,29174.400000000005,29195.900000000005,29154.520000000004,29159.770000000004,23900
2026-08-25T08:15:00+00:00,29159.770000000004,29265.900000000005,29159.770000000004,29216.020000000004,34870
2026-08-25T08:30:00+00:00,29216.020000000004,29238.900000000005,29199.150000000005,29223.520000000004,27104
2026-08-25T08:45:00+00:00,29223.520000000004,29248.020000000004,29223.270000000004,29243.650000000005,19146
2026-08-25T09:00:00+00:00,29243.650000000005,29275.020000000004,29228.400000000005,29264.900000000005,20905
2026-08-25T09:15:00+00:00,29264.900000000005,29275.900000000005,29247.400000000005,29259.650000000005,17004
2026-08-25T09:30:00+00:00,29259.650000000005,29315.520000000004,29256.270000000004,29302.650000000005,27448
2026-08-25T09:45:00+00:00,29302.650000000005,29358.020000000004,29297.650000000005,29332.770000000004,20297
2026-08-25T10:00:00+00:00,29332.770000000004,29352.400000000005,29312.020000000004,29332.650000000005,18843
2026-08-25T10:15:00+00:00,29332.650000000005,29334.270000000004,29309.150000000005,29311.900000000005,15316
2026-08-25T10:30:00+00:00,29311.900000000005,29321.520000000004,29288.650000000005,29288.900000000005,11601
2026-08-25T10:45:00+00:00,29288.900000000005,29310.400000000005,29288.020000000004,29300.770000000004,11717
2026-08-25T11:00:00+00:00,29300.770000000004,29304.150000000005,29247.900000000005,29282.020000000004,18858
2026-08-25T11:15:00+00:00,29282.020000000004,29296.270000000004,29263.270000000004,29282.900000000005,18457
2026-08-25T11:30:00+00:00,29282.900000000005,29303.770000000004,29282.400000000005,29300.770000000004,14514
2026-08-25T11:45:00+00:00,29300.770000000004,29333.770000000004,29298.520000000004,29316.520000000004,16066
2026-08-25T12:00:00+00:00,29316.520000000004,29325.520000000004,29294.760000000002,29317.260000000002,21211
2026-08-25T12:15:00+00:00,29317.260000000002,29344.390000000003,29302.510000000002,29310.140000000003,18018
2026-08-25T12:30:00+00:00,29310.140000000003,29310.260000000002,29249.140000000003,29264.140000000003,18962
2026-08-25T12:45:00+00:00,29264.140000000003,29281.640000000003,29256.760000000002,29270.260000000002,15026
2026-08-25T13:00:00+00:00,29270.260000000002,29281.010000000002,29249.140000000003,29264.260000000002,27681
2026-08-25T13:15:00+00:00,29264.260000000002,29278.140000000003,29234.760000000002,29234.760000000002,24953
2026-08-25T13:30:00+00:00,29234.760000000002,29312.41,29218.04,29286.04,171289
2026-08-25T13:45:00+00:00,29286.04,29351.16,29226.79,29249.41,124598
2026-08-25T14:00:00+00:00,29249.41,29252.16,29177.66,29181.91,113953
2026-08-25T14:15:00+00:00,29181.91,29206.16,29147.04,29151.91,86822
2026-08-25T14:30:00+00:00,29151.91,29205.16,29095.960000000003,29155.79,87789
2026-08-25T14:45:00+00:00,29155.79,29197.16,29143.66,29168.41,65558
2026-08-25T15:00:00+00:00,29168.41,29172.16,29135.16,29160.79,59430
2026-08-25T15:15:00+00:00,29160.79,29218.66,29155.91,29213.66,41403
2026-08-25T15:30:00+00:00,29213.66,29244.41,29192.41,29204.91,45147
2026-08-25T15:45:00+00:00,29204.91,29209.16,29159.91,29199.66,35297
2026-08-25T16:00:00+00:00,29199.66,29226.41,29198.04,29215.16,30496
2026-08-25T16:15:00+00:00,29215.16,29234.04,29211.54,29230.91,21925
2026-08-25T16:30:00+00:00,29230.91,29236.16,29196.29,29202.66,21465
2026-08-25T16:45:00+00:00,29202.66,29219.91,29189.79,29212.16,23846
2026-08-25T17:00:00+00:00,29212.16,29215.16,29161.04,29180.16,25176
2026-08-25T17:15:00+00:00,29180.16,29195.16,29151.91,29161.41,22676
2026-08-25T17:30:00+00:00,29161.41,29170.91,29153.79,29159.54,21707
2026-08-25T17:45:00+00:00,29159.54,29168.66,29154.04,29163.91,17408
2026-08-25T18:00:00+00:00,29163.91,29164.16,29139.66,29142.66,20589
2026-08-25T18:15:00+00:00,29142.66,29164.41,29140.04,29155.91,17614
2026-08-25T18:30:00+00:00,29155.91,29201.04,29155.79,29200.16,18699
2026-08-25T18:45:00+00:00,29200.16,29216.41,29195.41,29198.04,19936
2026-08-25T19:00:00+00:00,29198.04,29207.66,29172.66,29176.66,19644
2026-08-25T19:15:00+00:00,29176.66,29179.66,29155.16,29167.41,20681
2026-08-25T19:30:00+00:00,29167.41,29199.66,29154.66,29180.91,21182
2026-08-25T19:45:00+00:00,29180.91,29231.54,29171.91,29213.29,36657
2026-08-25T20:00:00+00:00,29213.29,29235.140000000003,29205.010000000002,29230.510000000002,15515
2026-08-25T20:15:00+00:00,29230.510000000002,29254.890000000003,29226.260000000002,29244.390000000003,8085
2026-08-25T20:30:00+00:00,29244.390000000003,29250.640000000003,29223.390000000003,29224.390000000003,6068
2026-08-25T20:45:00+00:00,29224.390000000003,29229.340000000004,29211.140000000003,29229.340000000004,6676
2026-08-25T22:00:00+00:00,29229.340000000004,29253.530000000006,29229.340000000004,29238.280000000006,7095
2026-08-25T22:15:00+00:00,29238.280000000006,29238.650000000005,29225.650000000005,29234.900000000005,3310
2026-08-25T22:30:00+00:00,29234.900000000005,29237.030000000006,29225.150000000005,29231.400000000005,2831
2026-08-25T22:45:00+00:00,29231.400000000005,29231.650000000005,29225.150000000005,29228.400000000005,1723
2026-08-25T23:00:00+00:00,29228.400000000005,29232.150000000005,29218.780000000006,29220.780000000006,3173
2026-08-25T23:15:00+00:00,29220.780000000006,29222.650000000005,29189.900000000005,29190.030000000006,4235
2026-08-25T23:30:00+00:00,29190.030000000006,29192.280000000006,29174.030000000006,29178.900000000005,5086
2026-08-25T23:45:00+00:00,29178.900000000005,29179.650000000005,29151.530000000006,29155.400000000005,8135
2026-08-26T00:00:00+00:00,29155.400000000005,29171.280000000006,29130.280000000006,29153.400000000005,25563
2026-08-26T00:15:00+00:00,29153.400000000005,29182.650000000005,29112.030000000006,29128.530000000006,19845
2026-08-26T00:30:00+00:00,29128.530000000006,29132.030000000006,29082.780000000006,29096.280000000006,18192
2026-08-26T00:45:00+00:00,29096.280000000006,29104.030000000006,29055.150000000005,29056.780000000006,16340
2026-08-26T01:00:00+00:00,29056.780000000006,29091.780000000006,29051.280000000006,29068.780000000006,20604
2026-08-26T01:15:00+00:00,29068.780000000006,29078.030000000006,29043.650000000005,29054.030000000006,14831
2026-08-26T01:30:00+00:00,29054.030000000006,29073.280000000006,29040.780000000006,29060.900000000005,16631
2026-08-26T01:45:00+00:00,29060.900000000005,29078.900000000005,29048.900000000005,29077.280000000006,11851
2026-08-26T02:00:00+00:00,29077.280000000006,29088.780000000006,29063.650000000005,29088.030000000006,13617
2026-08-26T02:15:00+00:00,29088.030000000006,29119.280000000006,29086.280000000006,29116.900000000005,9575
2026-08-26T02:30:00+00:00,29116.900000000005,29162.030000000006,29115.530000000006,29161.030000000006,9939
2026-08-26T02:45:00+00:00,29161.030000000006,29174.030000000006,29155.900000000005,29165.150000000005,7918
2026-08-26T03:00:00+00:00,29165.150000000005,29177.900000000005,29156.900000000005,29175.780000000006,9142
2026-08-26T03:15:00+00:00,29175.780000000006,29175.780000000006,29157.530000000006,29159.530000000006,7369
2026-08-26T03:30:00+00:00,29159.530000000006,29188.150000000005,29149.650000000005,29181.650000000005,9312
2026-08-26T03:45:00+00:00,29181.650000000005,29219.150000000005,29179.900000000005,29209.150000000005,9927
2026-08-26T04:00:00+00:00,29209.150000000005,29224.030000000006,29204.400000000005,29217.150000000005,8480
2026-08-26T04:15:00+00:00,29217.150000000005,29225.280000000006,29206.900000000005,29215.900000000005,6376
2026-08-26T04:30:00+00:00,29215.900000000005,29219.280000000006,29192.780000000006,29194.650000000005,7054
2026-08-26T04:45:00+00:00,29194.650000000005,29196.030000000006,29161.530000000006,29172.650000000005,9338
2026-08-26T05:00:00+00:00,29172.650000000005,29203.400000000005,29171.400000000005,29183.400000000005,12909
2026-08-26T05:15:00+00:00,29183.400000000005,29192.530000000006,29174.780000000006,29189.780000000006,12883
2026-08-26T05:30:00+00:00,29189.780000000006,29205.780000000006,29186.030000000006,29193.530000000006,12985
2026-08-26T05:45:00+00:00,29193.530000000006,29193.530000000006,29170.530000000006,29186.030000000006,10582
2026-08-26T06:00:00+00:00,29186.030000000006,29192.780000000006,29156.650000000005,29160.530000000006,14994
2026-08-26T06:15:00+00:00,29160.530000000006,29170.900000000005,29148.280000000006,29163.030000000006,11835
2026-08-26T06:30:00+00:00,29163.030000000006,29200.900000000005,29154.280000000006,29200.530000000006,10086
2026-08-26T06:45:00+00:00,29200.530000000006,29220.030000000006,29177.030000000006,29196.150000000005,9506
2026-08-26T07:00:00+00:00,29196.150000000005,29201.650000000005,29146.400000000005,29180.900000000005,17973
2026-08-26T07:15:00+00:00,29180.900000000005,29187.900000000005,29138.780000000006,29144.150000000005,15768
2026-08-26T07:30:00+00:00,29144.150000000005,29154.650000000005,29131.030000000006,29143.030000000006,14396
2026-08-26T07:45:00+00:00,29143.030000000006,29163.150000000005,29132.150000000005,29156.900000000005,11050
2026-08-26T08:00:00+00:00,29156.900000000005,29188.400000000005,29143.780000000006,29149.900000000005,20118
2026-08-26T08:15:00+00:00,29149.900000000005,29179.150000000005,29133.150000000005,29179.150000000005,16159
2026-08-26T08:30:00+00:00,29179.150000000005,29194.280000000006,29156.030000000006,29186.900000000005,13736
2026-08-26T08:45:00+00:00,29186.900000000005,29186.900000000005,29154.400000000005,29172.400000000005,9612
2026-08-26T09:00:00+00:00,29172.400000000005,29178.280000000006,29157.280000000006,29163.280000000006,11052
2026-08-26T09:15:00+00:00,29163.280000000006,29165.780000000006,29135.900000000005,29142.650000000005,11503
2026-08-26T09:30:00+00:00,29142.650000000005,29163.650000000005,29142.650000000005,29158.780000000006,8880
2026-08-26T09:45:00+00:00,29158.780000000006,29181.030000000006,29158.150000000005,29178.400000000005,8130
2026-08-26T10:00:00+00:00,29178.400000000005,29178.900000000005,29140.530000000006,29142.400000000005,8784
2026-08-26T10:15:00+00:00,29142.400000000005,29161.530000000006,29140.900000000005,29145.400000000005,9259
2026-08-26T10:30:00+00:00,29145.400000000005,29186.150000000005,29133.150000000005,29173.280000000006,9845
2026-08-26T10:45:00+00:00,29173.280000000006,29183.900000000005,29168.400000000005,29181.030000000006,7585
2026-08-26T11:00:00+00:00,29181.030000000006,29208.150000000005,29180.280000000006,29198.650000000005,13542
2026-08-26T11:15:00+00:00,29198.650000000005,29222.280000000006,29180.280000000006,29196.900000000005,13252
2026-08-26T11:30:00+00:00,29196.900000000005,29206.530000000006,29139.280000000006,29154.530000000006,15966
2026-08-26T11:45:00+00:00,29154.530000000006,29171.530000000006,29131.280000000006,29163.400000000005,16056
2026-08-26T12:00:00+00:00,29163.400000000005,29167.900000000005,29145.280000000006,29160.530000000006,17263
2026-08-26T12:15:00+00:00,29160.530000000006,29202.900000000005,29135.400000000005,29202.350000000006,16395
2026-08-26T12:30:00+00:00,29202.350000000006,29206.280000000006,29095.030000000006,29109.150000000005,42881
2026-08-26T12:45:00+00:00,29109.150000000005,29125.530000000006,29078.530000000006,29095.150000000005,30265
2026-08-26T13:00:00+00:00,29095.150000000005,29117.650000000005,29079.280000000006,29116.780000000006,24298
2026-08-26T13:15:00+00:00,29116.780000000006,29118.400000000005,29098.280000000006,29116.280000000006,24558
2026-08-26T13:30:00+00:00,29116.280000000006,29255.430000000004,29116.280000000006,29235.430000000004,170529
2026-08-26T13:45:00+00:00,29235.430000000004,29277.050000000007,29197.550000000007,29276.800000000007,97865
2026-08-26T14:00:00+00:00,29276.800000000007,29276.800000000007,29181.550000000007,29190.800000000007,69019
2026-08-26T14:15:00+00:00,29190.800000000007,29207.430000000004,29101.300000000007,29123.300000000007,64584
2026-08-26T14:30:00+00:00,29123.300000000007,29183.300000000007,29121.550000000007,29166.180000000004,49821
2026-08-26T14:45:00+00:00,29166.180000000004,29212.430000000004,29152.050000000007,29197.300000000007,41154
2026-08-26T15:00:00+00:00,29197.300000000007,29227.550000000007,29191.680000000004,29202.550000000007,33559
2026-08-26T15:15:00+00:00,29202.550000000007,29211.300000000007,29168.430000000004,29201.180000000004,34284
2026-08-26T15:30:00+00:00,29201.180000000004,29234.550000000007,29166.300000000007,29227.430000000004,32748
2026-08-26T15:45:00+00:00,29227.430000000004,29235.550000000007,29160.430000000004,29162.180000000004,37472
2026-08-26T16:00:00+00:00,29162.180000000004,29170.180000000008,29135.050000000007,29147.430000000008,33676
2026-08-26T16:15:00+00:00,29147.430000000008,29160.930000000008,29138.930000000008,29153.180000000008,18558
2026-08-26T16:30:00+00:00,29153.180000000008,29165.560000000005,29116.680000000008,29120.810000000005,18641
2026-08-26T16:45:00+00:00,29120.810000000005,29167.930000000008,29118.310000000005,29163.430000000008,24900
2026-08-26T17:00:00+00:00,29163.430000000008,29187.310000000005,29156.930000000008,29184.180000000008,19047
2026-08-26T17:15:00+00:00,29184.180000000008,29216.560000000005,29184.180000000008,29213.680000000008,18668
2026-08-26T17:30:00+00:00,29213.680000000008,29236.930000000008,29209.930000000008,29227.430000000008,16953
2026-08-26T17:45:00+00:00,29227.430000000008,29239.180000000008,29214.680000000008,29230.560000000005,15184
2026-08-26T18:00:00+00:00,29230.560000000005,29241.810000000005,29212.430000000008,29216.680000000008,15186
2026-08-26T18:15:00+00:00,29216.680000000008,29237.430000000008,29211.180000000008,29226.310000000005,15555
2026-08-26T18:30:00+00:00,29226.310000000005,29248.680000000008,29221.930000000008,29240.930000000008,14159
2026-08-26T18:45:00+00:00,29240.930000000008,29275.05000000001,29240.930000000008,29267.180000000008,17960
2026-08-26T19:00:00+00:00,29267.180000000008,29313.930000000008,29264.05000000001,29286.30000000001,23246
2026-08-26T19:15:00+00:00,29286.30000000001,29303.05000000001,29278.680000000008,29284.30000000001,18668
2026-08-26T19:30:00+00:00,29284.30000000001,29291.05000000001,29254.05000000001,29255.80000000001,21659
2026-08-26T19:45:00+00:00,29255.80000000001,29283.10000000001,29226.80000000001,29247.680000000008,34272
2026-08-26T20:00:00+00:00,29247.680000000008,29317.28000000001,29232.15000000001,29307.15000000001,11578
2026-08-26T20:15:00+00:00,29307.15000000001,29328.53000000001,29237.15000000001,29289.65000000001,28790
2026-08-26T20:30:00+00:00,29289.65000000001,29301.90000000001,29263.28000000001,29285.15000000001,17676
2026-08-26T20:45:00+00:00,29285.15000000001,29378.47000000001,29283.15000000001,29377.22000000001,13772
2026-08-26T22:00:00+00:00,29377.22000000001,29528.88000000001,29377.22000000001,29514.81000000001,15610
2026-08-26T22:15:00+00:00,29514.81000000001,29551.180000000008,29503.06000000001,29532.430000000008,9764
2026-08-26T22:30:00+00:00,29532.430000000008,29566.06000000001,29530.430000000008,29565.56000000001,8111
2026-08-26T22:45:00+00:00,29565.56000000001,29576.930000000008,29549.06000000001,29554.81000000001,7528
2026-08-26T23:00:00+00:00,29554.81000000001,29563.06000000001,29540.06000000001,29541.56000000001,5313
2026-08-26T23:15:00+00:00,29541.56000000001,29561.06000000001,29533.930000000008,29550.56000000001,5895
2026-08-26T23:30:00+00:00,29550.56000000001,29559.930000000008,29544.06000000001,29555.56000000001,4746
2026-08-26T23:45:00+00:00,29555.56000000001,29601.81000000001,29554.430000000008,29596.180000000008,14313
2026-08-27T00:00:00+00:00,29596.180000000008,29601.930000000008,29527.31000000001,29539.81000000001,23910
2026-08-27T00:15:00+00:00,29539.81000000001,29539.81000000001,29507.06000000001,29529.930000000008,21258
2026-08-27T00:30:00+00:00,29529.930000000008,29529.930000000008,29425.56000000001,29426.930000000008,21899
2026-08-27T00:45:00+00:00,29426.930000000008,29428.180000000008,29387.430000000008,29392.930000000008,28209
2026-08-27T01:00:00+00:00,29392.930000000008,29437.18000000001,29381.56000000001,29400.18000000001,24796
2026-08-27T01:15:00+00:00,29400.18000000001,29456.560000000012,29397.060000000012,29450.18000000001,19469
2026-08-27T01:30:00+00:00,29450.18000000001,29481.93000000001,29439.43000000001,29439.68000000001,17187
2026-08-27T01:45:00+00:00,29439.68000000001,29501.560000000012,29439.68000000001,29478.810000000012,17093
2026-08-27T02:00:00+00:00,29478.810000000012,29491.68000000001,29464.810000000012,29487.93000000001,15754
2026-08-27T02:15:00+00:00,29487.93000000001,29491.060000000012,29473.560000000012,29485.560000000012,12933
2026-08-27T02:30:00+00:00,29485.560000000012,29502.18000000001,29478.560000000012,29489.68000000001,12177
2026-08-27T02:45:00+00:00,29489.68000000001,29507.68000000001,29484.810000000012,29496.93000000001,11772
2026-08-27T03:00:00+00:00,29496.93000000001,29509.93000000001,29477.68000000001,29487.43000000001,9632
2026-08-27T03:15:00+00:00,29487.43000000001,29523.060000000012,29487.43000000001,29511.810000000012,9060
2026-08-27T03:30:00+00:00,29511.810000000012,29519.810000000012,29489.310000000012,29490.43000000001,11117
2026-08-27T03:45:00+00:00,29490.43000000001,29499.810000000012,29473.93000000001,29486.18000000001,10736
2026-08-27T04:00:00+00:00,29486.18000000001,29494.68000000001,29476.310000000012,29481.68000000001,12171
2026-08-27T04:15:00+00:00,29481.68000000001,29498.93000000001,29476.43000000001,29476.560000000012,10158
2026-08-27T04:30:00+00:00,29476.560000000012,29478.68000000001,29445.93000000001,29451.43000000001,11111
2026-08-27T04:45:00+00:00,29451.43000000001,29468.310000000012,29441.18000000001,29446.810000000012,11301
2026-08-27T05:00:00+00:00,29446.810000000012,29451.68000000001,29421.060000000012,29431.18000000001,14766
2026-08-27T05:15:00+00:00,29431.18000000001,29431.18000000001,29395.810000000012,29415.68000000001,14094
2026-08-27T05:30:00+00:00,29415.68000000001,29419.310000000012,29386.310000000012,29389.68000000001,15704
2026-08-27T05:45:00+00:00,29389.68000000001,29412.43000000001,29376.560000000012,29385.93000000001,12538
2026-08-27T06:00:00+00:00,29385.93000000001,29387.060000000012,29350.43000000001,29380.810000000012,16408
2026-08-27T06:15:00+00:00,29380.810000000012,29398.93000000001,29380.060000000012,29398.560000000012,13303
2026-08-27T06:30:00+00:00,29398.560000000012,29438.310000000012,29397.060000000012,29437.560000000012,10432
2026-08-27T06:45:00+00:00,29437.560000000012,29447.810000000012,29425.68000000001,29446.060000000012,9228
2026-08-27T07:00:00+00:00,29446.060000000012,29485.68000000001,29425.18000000001,29484.060000000012,17639
2026-08-27T07:15:00+00:00,29484.060000000012,29496.060000000012,29471.18000000001,29495.810000000012,12590
2026-08-27T07:30:00+00:00,29495.810000000012,29497.18000000001,29447.060000000012,29451.93000000001,14740
2026-08-27T07:45:00+00:00,29451.93000000001,29495.43000000001,29448.810000000012,29486.060000000012,11964
2026-08-27T08:00:00+00:00,29486.060000000012,29571.310000000012,29485.560000000012,29569.810000000012,22495
2026-08-27T08:15:00+00:00,29569.810000000012,29606.93000000001,29544.560000000012,29604.810000000012,18870
2026-08-27T08:30:00+00:00,29604.810000000012,29605.310000000012,29558.630000000012,29579.560000000012,17622
2026-08-27T08:45:00+00:00,29579.560000000012,29608.18000000001,29570.060000000012,29571.810000000012,18079
2026-08-27T09:00:00+00:00,29571.810000000012,29581.310000000012,29530.310000000012,29531.310000000012,21905
2026-08-27T09:15:00+00:00,29531.310000000012,29562.560000000012,29515.810000000012,29546.18000000001,17972
2026-08-27T09:30:00+00:00,29546.18000000001,29570.43000000001,29544.93000000001,29563.93000000001,13584
2026-08-27T09:45:00+00:00,29563.93000000001,29580.060000000012,29546.68000000001,29549.060000000012,12694
2026-08-27T10:00:00+00:00,29549.060000000012,29554.060000000012,29530.560000000012,29546.93000000001,15116
2026-08-27T10:15:00+00:00,29546.93000000001,29551.18000000001,29525.060000000012,29528.18000000001,13445
2026-08-27T10:30:00+00:00,29528.18000000001,29550.310000000012,29518.060000000012,29547.060000000012,14352
2026-08-27T10:45:00+00:00,29547.060000000012,29548.93000000001,29516.060000000012,29545.93000000001,13541
2026-08-27T11:00:00+00:00,29545.93000000001,29576.68000000001,29523.810000000012,29564.310000000012,23357
2026-08-27T11:15:00+00:00,29564.310000000012,29568.310000000012,29517.310000000012,29517.310000000012,14978
2026-08-27T11:30:00+00:00,29517.310000000012,29533.68000000001,29494.310000000012,29511.68000000001,22334
2026-08-27T11:45:00+00:00,29511.68000000001,29511.68000000001,29462.93000000001,29505.93000000001,17335
2026-08-27T12:00:00+00:00,29505.93000000001,29536.43000000001,29499.060000000012,29532.310000000012,19383
2026-08-27T12:15:00+00:00,29532.310000000012,29537.810000000012,29514.68000000001,29526.630000000012,20752
2026-08-27T12:30:00+00:00,29526.630000000012,29528.310000000012,29482.810000000012,29483.310000000012,13780
2026-08-27T12:45:00+00:00,29483.310000000012,29487.68000000001,29464.310000000012,29470.560000000012,13010
2026-08-27T13:00:00+00:00,29470.560000000012,29509.060000000012,29466.560000000012,29502.060000000012,19187
2026-08-27T13:15:00+00:00,29502.060000000012,29516.310000000012,29473.18000000001,29473.560000000012,24803
2026-08-27T13:30:00+00:00,29473.560000000012,29535.830000000013,29393.210000000014,29523.210000000014,196231
2026-08-27T13:45:00+00:00,29523.210000000014,29552.210000000014,29373.210000000014,29430.210000000014,183046
2026-08-27T14:00:00+00:00,29430.210000000014,29535.960000000014,29426.710000000014,29506.960000000014,138707
2026-08-27T14:15:00+00:00,29506.960000000014,29569.080000000013,29506.960000000014,29555.580000000013,87164
2026-08-27T14:30:00+00:00,29555.580000000013,29558.210000000014,29486.080000000013,29505.460000000014,88205
2026-08-27T14:45:00+00:00,29505.460000000014,29552.830000000013,29480.580000000013,29549.460000000014,69843
2026-08-27T15:00:00+00:00,29549.460000000014,29584.710000000014,29538.080000000013,29583.210000000014,47624
2026-08-27T15:15:00+00:00,29583.210000000014,29591.330000000013,29530.830000000013,29535.830000000013,41951
2026-08-27T15:30:00+00:00,29535.830000000013,29554.330000000013,29487.330000000013,29491.830000000013,49855
2026-08-27T15:45:00+00:00,29491.830000000013,29567.080000000013,29470.210000000014,29555.080000000013,44344
2026-08-27T16:00:00+00:00,29555.080000000013,29581.080000000013,29531.080000000013,29539.580000000013,31775
2026-08-27T16:15:00+00:00,29539.580000000013,29556.830000000013,29519.580000000013,29552.460000000014,33344
2026-08-27T16:30:00+00:00,29552.460000000014,29599.710000000014,29548.210000000014,29594.580000000013,24400
2026-08-27T16:45:00+00:00,29594.580000000013,29607.830000000013,29586.830000000013,29600.830000000013,21519
2026-08-27T17:00:00+00:00,29600.830000000013,29624.830000000013,29597.330000000013,29619.460000000014,20777
2026-08-27T17:15:00+00:00,29619.460000000014,29625.710000000014,29587.710000000014,29590.460000000014,23059
2026-08-27T17:30:00+00:00,29590.460000000014,29605.630000000012,29576.580000000013,29577.960000000014,22881
2026-08-27T17:45:00+00:00,29577.960000000014,29581.330000000013,29556.330000000013,29560.460000000014,27544
2026-08-27T18:00:00+00:00,29560.460000000014,29570.960000000014,29511.460000000014,29525.960000000014,37511
2026-08-27T18:15:00+00:00,29525.960000000014,29538.080000000013,29476.210000000014,29487.580000000013,33867
2026-08-27T18:30:00+00:00,29487.580000000013,29529.960000000014,29485.960000000014,29521.830000000013,31449
2026-08-27T18:45:00+00:00,29521.830000000013,29530.830000000013,29494.460000000014,29520.210000000014,29840
2026-08-27T19:00:00+00:00,29520.210000000014,29555.580000000013,29516.330000000013,29542.080000000013,27978
2026-08-27T19:15:00+00:00,29542.080000000013,29561.830000000013,29542.080000000013,29551.710000000014,25292
2026-08-27T19:30:00+00:00,29551.710000000014,29582.330000000013,29544.460000000014,29582.080000000013,25012
2026-08-27T19:45:00+00:00,29582.080000000013,29652.830000000013,29578.580000000013,29648.710000000014,39257
2026-08-27T20:00:00+00:00,29648.710000000014,29655.810000000012,29596.560000000012,29596.810000000012,16865
2026-08-27T20:15:00+00:00,29596.810000000012,29603.68000000001,29583.18000000001,29587.560000000012,6557
2026-08-27T20:30:00+00:00,29587.560000000012,29593.310000000012,29583.810000000012,29588.68000000001,4498
2026-08-27T20:45:00+00:00,29588.68000000001,29590.43000000001,29569.18000000001,29585.130000000012,5593
2026-08-27T22:00:00+00:00,29585.130000000012,29593.140000000014,29551.010000000013,29570.890000000014,8274
2026-08-27T22:15:00+00:00,29570.890000000014,29588.140000000014,29570.260000000013,29587.390000000014,5237
2026-08-27T22:30:00+00:00,29587.390000000014,29589.510000000013,29579.640000000014,29585.890000000014,3463
2026-08-27T22:45:00+00:00,29585.890000000014,29588.260000000013,29580.010000000013,29583.510000000013,3135
2026-08-27T23:00:00+00:00,29583.510000000013,29586.390000000014,29555.640000000014,29565.890000000014,4915
2026-08-27T23:15:00+00:00,29565.890000000014,29565.890000000014,29553.890000000014,29558.390000000014,3310
2026-08-27T23:30:00+00:00,29558.390000000014,29561.510000000013,29552.510000000013,29554.010000000013,3240
2026-08-27T23:45:00+00:00,29554.010000000013,29554.260000000013,29541.640000000014,29550.890000000014,9592
2026-08-28T00:00:00+00:00,29550.890000000014,29604.890000000014,29544.010000000013,29602.640000000014,25447
2026-08-28T00:15:00+00:00,29602.640000000014,29604.890000000014,29574.890000000014,29601.760000000013,18901
2026-08-28T00:30:00+00:00,29601.760000000013,29607.010000000013,29583.140000000014,29603.510000000013,13257
2026-08-28T00:45:00+00:00,29603.510000000013,29616.390000000014,29591.510000000013,29594.010000000013,14676
2026-08-28T01:00:00+00:00,29594.010000000013,29619.890000000014,29591.640000000014,29610.010000000013,15879
2026-08-28T01:15:00+00:00,29610.010000000013,29620.010000000013,29593.390000000014,29597.890000000014,13616
2026-08-28T01:30:00+00:00,29597.890000000014,29621.510000000013,29591.140000000014,29603.510000000013,15978
2026-08-28T01:45:00+00:00,29603.510000000013,29627.890000000014,29593.140000000014,29626.390000000014,13111
2026-08-28T02:00:00+00:00,29626.390000000014,29648.760000000013,29626.390000000014,29642.760000000013,9382
2026-08-28T02:15:00+00:00,29642.760000000013,29651.890000000014,29635.890000000014,29641.390000000014,7715
2026-08-28T02:30:00+00:00,29641.390000000014,29641.390000000014,29594.010000000013,29595.890000000014,9702
2026-08-28T02:45:00+00:00,29595.890000000014,29619.390000000014,29594.140000000014,29612.510000000013,7795
2026-08-28T03:00:00+00:00,29612.510000000013,29651.640000000014,29610.640000000014,29642.890000000014,9776
2026-08-28T03:15:00+00:00,29642.890000000014,29655.260000000013,29639.140000000014,29649.390000000014,6949
2026-08-28T03:30:00+00:00,29649.390000000014,29653.390000000014,29598.640000000014,29600.890000000014,9800
2026-08-28T03:45:00+00:00,29600.890000000014,29625.390000000014,29589.510000000013,29617.510000000013,10174
2026-08-28T04:00:00+00:00,29617.510000000013,29620.140000000014,29593.260000000013,29610.390000000014,9457
2026-08-28T04:15:00+00:00,29610.390000000014,29618.390000000014,29606.010000000013,29608.890000000014,9624
2026-08-28T04:30:00+00:00,29608.890000000014,29610.140000000014,29589.260000000013,29593.140000000014,8508
2026-08-28T04:45:00+00:00,29593.140000000014,29598.260000000013,29585.640000000014,29590.890000000014,7121
2026-08-28T05:00:00+00:00,29590.890000000014,29593.010000000013,29570.140000000014,29573.640000000014,10783
2026-08-28T05:15:00+00:00,29573.640000000014,29577.510000000013,29561.010000000013,29572.640000000014,10050
2026-08-28T05:30:00+00:00,29572.640000000014,29574.140000000014,29553.010000000013,29562.140000000014,10597
2026-08-28T05:45:00+00:00,29562.140000000014,29562.390000000014,29547.010000000013,29547.640000000014,6850
2026-08-28T06:00:00+00:00,29547.640000000014,29566.890000000014,29544.010000000013,29552.010000000013,10218
2026-08-28T06:15:00+00:00,29552.010000000013,29572.890000000014,29544.010000000013,29546.010000000013,10874
2026-08-28T06:30:00+00:00,29546.010000000013,29571.760000000013,29545.640000000014,29569.390000000014,12820
2026-08-28T06:45:00+00:00,29569.390000000014,29594.760000000013,29564.640000000014,29594.140000000014,9719
2026-08-28T07:00:00+00:00,29594.140000000014,29602.390000000014,29555.640000000014,29561.390000000014,17642
2026-08-28T07:15:00+00:00,29561.390000000014,29573.260000000013,29552.140000000014,29563.260000000013,13075
2026-08-28T07:30:00+00:00,29563.260000000013,29570.140000000014,29543.010000000013,29546.640000000014,12828
2026-08-28T07:45:00+00:00,29546.640000000014,29574.640000000014,29544.760000000013,29556.140000000014,13004
2026-08-28T08:00:00+00:00,29556.140000000014,29569.640000000014,29527.760000000013,29535.140000000014,21504
2026-08-28T08:15:00+00:00,29535.140000000014,29554.510000000013,29531.640000000014,29547.390000000014,14612
2026-08-28T08:30:00+00:00,29547.390000000014,29582.390000000014,29545.260000000013,29572.760000000013,10850
2026-08-28T08:45:00+00:00,29572.760000000013,29573.760000000013,29552.260000000013,29568.760000000013,9763
2026-08-28T09:00:00+00:00,29568.760000000013,29569.260000000013,29553.010000000013,29555.390000000014,11924
2026-08-28T09:15:00+00:00,29555.390000000014,29569.890000000014,29544.760000000013,29564.390000000014,9923
2026-08-28T09:30:00+00:00,29564.390000000014,29567.510000000013,29551.890000000014,29556.260000000013,9655
2026-08-28T09:45:00+00:00,29556.260000000013,29569.260000000013,29549.010000000013,29555.640000000014,10526
2026-08-28T10:00:00+00:00,29555.640000000014,29559.390000000014,29542.390000000014,29553.390000000014,10886
2026-08-28T10:15:00+00:00,29553.390000000014,29566.140000000014,29547.140000000014,29560.390000000014,8465
2026-08-28T10:30:00+00:00,29560.390000000014,29571.890000000014,29550.260000000013,29550.640000000014,10031
2026-08-28T10:45:00+00:00,29550.640000000014,29573.390000000014,29547.390000000014,29570.640000000014,9786
2026-08-28T11:00:00+00:00,29570.640000000014,29583.640000000014,29547.640000000014,29563.390000000014,14811
2026-08-28T11:15:00+00:00,29563.390000000014,29585.510000000013,29563.390000000014,29583.010000000013,9210
2026-08-28T11:30:00+00:00,29583.010000000013,29588.640000000014,29556.890000000014,29559.260000000013,10122
2026-08-28T11:45:00+00:00,29559.260000000013,29563.890000000014,29547.640000000014,29551.760000000013,11597
2026-08-28T12:00:00+00:00,29551.760000000013,29581.640000000014,29547.890000000014,29579.760000000013,12346
2026-08-28T12:15:00+00:00,29579.760000000013,29610.890000000014,29577.390000000014,29610.890000000014,11869
2026-08-28T12:30:00+00:00,29610.890000000014,29610.890000000014,29564.390000000014,29607.640000000014,15282
2026-08-28T12:45:00+00:00,29607.640000000014,29613.260000000013,29598.890000000014,29607.890000000014,13009
2026-08-28T13:00:00+00:00,29607.890000000014,29630.260000000013,29599.760000000013,29609.890000000014,20044
2026-08-28T13:15:00+00:00,29609.890000000014,29611.890000000014,29571.890000000014,29578.640000000014,20426
2026-08-28T13:30:00+00:00,29578.640000000014,29649.91000000001,29513.29000000001,29637.16000000001,142185
2026-08-28T13:45:00+00:00,29637.16000000001,29650.91000000001,29575.66000000001,29578.710000000014,96093
2026-08-28T14:00:00+00:00,29578.710000000014,29653.66000000001,29455.91000000001,29487.29000000001,173502
2026-08-28T14:15:00+00:00,29487.29000000001,29623.91000000001,29481.79000000001,29601.91000000001,141936
2026-08-28T14:30:00+00:00,29601.91000000001,29692.16000000001,29581.79000000001,29684.54000000001,109898
2026-08-28T14:45:00+00:00,29684.54000000001,29747.54000000001,29675.04000000001,29746.66000000001,73155
2026-08-28T15:00:00+00:00,29746.66000000001,29760.29000000001,29685.16000000001,29697.66000000001,72737
2026-08-28T15:15:00+00:00,29697.66000000001,29741.04000000001,29688.54000000001,29732.66000000001,63662
2026-08-28T15:30:00+00:00,29732.66000000001,29735.04000000001,29614.79000000001,29620.91000000001,68534
2026-08-28T15:45:00+00:00,29620.91000000001,29631.79000000001,29495.16000000001,29502.79000000001,93840
2026-08-28T16:00:00+00:00,29502.79000000001,29540.54000000001,29459.54000000001,29508.04000000001,92868
2026-08-28T16:15:00+00:00,29508.04000000001,29519.79000000001,29415.16000000001,29438.54000000001,100604
2026-08-28T16:30:00+00:00,29438.54000000001,29478.66000000001,29424.79000000001,29433.29000000001,75389
2026-08-28T16:45:00+00:00,29433.29000000001,29498.54000000001,29433.29000000001,29451.54000000001,67697
2026-08-28T17:00:00+00:00,29451.54000000001,29451.66000000001,29388.79000000001,29434.04000000001,80304
2026-08-28T17:15:00+00:00,29434.04000000001,29444.29000000001,29402.16000000001,29419.41000000001,61377
2026-08-28T17:30:00+00:00,29419.41000000001,29453.91000000001,29411.16000000001,29433.41000000001,48479
2026-08-28T17:45:00+00:00,29433.41000000001,29478.41000000001,29425.79000000001,29464.41000000001,35128
2026-08-28T18:00:00+00:00,29464.41000000001,29470.66000000001,29438.79000000001,29438.79000000001,39499
2026-08-28T18:15:00+00:00,29438.79000000001,29454.16000000001,29421.16000000001,29433.16000000001,38297
2026-08-28T18:30:00+00:00,29433.16000000001,29456.29000000001,29425.91000000001,29440.79000000001,32973
2026-08-28T18:45:00+00:00,29440.79000000001,29443.16000000001,29392.66000000001,29405.04000000001,35772
2026-08-28T19:00:00+00:00,29405.04000000001,29440.54000000001,29393.41000000001,29428.91000000001,36463
2026-08-28T19:15:00+00:00,29428.91000000001,29451.16000000001,29414.41000000001,29448.29000000001,27329
2026-08-28T19:30:00+00:00,29448.29000000001,29462.66000000001,29432.91000000001,29452.54000000001,32486
2026-08-28T19:45:00+00:00,29452.54000000001,29468.91000000001,29424.41000000001,29446.04000000001,50393
2026-08-28T20:00:00+00:00,29446.04000000001,29456.390000000014,29427.510000000013,29437.260000000013,16457
2026-08-28T20:15:00+00:00,29437.260000000013,29441.4,29433.27,29439.65,6019
2026-08-28T20:30:00+00:00,29439.65,29456.27,29433.77,29455.72,6582
2026-08-30T22:00:00+00:00,29455.72,29500.260000000002,29404.260000000002,29427.440000000002,15024
2026-08-30T22:15:00+00:00,29427.440000000002,29451.56,29424.010000000002,29430.81,6737
2026-08-30T22:30:00+00:00,29430.81,29433.31,29385.690000000002,29393.690000000002,10076
2026-08-30T22:45:00+00:00,29393.690000000002,29410.06,29391.690000000002,29399.940000000002,5477
2026-08-30T23:00:00+00:00,29399.940000000002,29405.31,29363.510000000002,29367.440000000002,7573
2026-08-30T23:15:00+00:00,29367.440000000002,29373.06,29327.260000000002,29329.06,9028
2026-08-30T23:30:00+00:00,29329.06,29331.81,29279.010000000002,29311.440000000002,12582
2026-08-30T23:45:00+00:00,29311.440000000002,29312.690000000002,29246.56,29246.81,20446
2026-08-31T00:00:00+00:00,29246.81,29303.06,29230.81,29297.06,26024
2026-08-31T00:15:00+00:00,29297.06,29334.440000000002,29290.940000000002,29327.940000000002,17605
2026-08-31T00:30:00+00:00,29327.940000000002,29355.440000000002,29324.190000000002,29346.690000000002,16074
2026-08-31T00:45:00+00:00,29346.690000000002,29350.06,29307.440000000002,29314.56,16118
2026-08-31T01:00:00+00:00,29314.56,29315.31,29249.56,29280.190000000002,29221
2026-08-31T01:15:00+00:00,29280.190000000002,29296.940000000002,29260.31,29287.190000000002,29017
2026-08-31T01:30:00+00:00,29287.190000000002,29294.81,29263.81,29269.940000000002,29211
2026-08-31T01:45:00+00:00,29269.940000000002,29286.190000000002,29258.81,29281.190000000002,23920
2026-08-31T02:00:00+00:00,29281.190000000002,29319.56,29265.940000000002,29313.690000000002,20625
2026-08-31T02:15:00+00:00,29313.690000000002,29314.940000000002,29261.56,29284.440000000002,18528
2026-08-31T02:30:00+00:00,29284.440000000002,29292.440000000002,29244.31,29253.56,16321
2026-08-31T02:45:00+00:00,29253.56,29303.440000000002,29245.510000000002,29301.31,16519
2026-08-31T03:00:00+00:00,29301.31,29324.31,29293.81,29312.690000000002,9611
2026-08-31T03:15:00+00:00,29312.690000000002,29315.190000000002,29300.190000000002,29301.06,8780
2026-08-31T03:30:00+00:00,29301.06,29308.31,29294.690000000002,29303.690000000002,11456
2026-08-31T03:45:00+00:00,29303.690000000002,29311.06,29295.81,29308.81,9166
2026-08-31T04:00:00+00:00,29308.81,29311.56,29297.81,29311.440000000002,8030
2026-08-31T04:15:00+00:00,29311.440000000002,29314.06,29299.940000000002,29304.31,6757
2026-08-31T04:30:00+00:00,29304.31,29341.56,29291.31,29339.440000000002,10323
2026-08-31T04:45:00+00:00,29339.440000000002,29380.81,29322.940000000002,29372.56,9293
2026-08-31T05:00:00+00:00,29372.56,29401.81,29364.690000000002,29400.56,11851
2026-08-31T05:15:00+00:00,29400.56,29433.940000000002,29399.06,29427.440000000002,11189
2026-08-31T05:30:00+00:00,29427.440000000002,29431.31,29383.440000000002,29398.81,13782
2026-08-31T05:45:00+00:00,29398.81,29419.690000000002,29389.31,29418.56,9898
2026-08-31T06:00:00+00:00,29418.56,29459.440000000002,29406.31,29457.940000000002,12642
2026-08-31T06:15:00+00:00,29457.940000000002,29475.190000000002,29457.440000000002,29470.06,11164
2026-08-31T06:30:00+00:00,29470.06,29475.690000000002,29452.81,29464.690000000002,9181
2026-08-31T06:45:00+00:00,29464.690000000002,29485.190000000002,29460.56,29473.940000000002,8021
2026-08-31T07:00:00+00:00,29473.940000000002,29477.940000000002,29457.81,29470.31,13727
2026-08-31T07:15:00+00:00,29470.31,29478.81,29457.440000000002,29465.56,11615
2026-08-31T07:30:00+00:00,29465.56,29478.940000000002,29458.31,29463.56,9917
2026-08-31T07:45:00+00:00,29463.56,29468.190000000002,29450.190000000002,29465.81,7420
2026-08-31T08:00:00+00:00,29465.81,29492.190000000002,29442.760000000002,29462.56,18597
2026-08-31T08:15:00+00:00,29462.56,29467.56,29442.940000000002,29457.190000000002,11484
2026-08-31T08:30:00+00:00,29457.190000000002,29460.06,29432.56,29441.440000000002,10215
2026-08-31T08:45:00+00:00,29441.440000000002,29455.190000000002,29437.440000000002,29442.56,8128
2026-08-31T09:00:00+00:00,29442.56,29458.190000000002,29428.010000000002,29449.81,9113
2026-08-31T09:15:00+00:00,29449.81,29465.81,29447.190000000002,29447.56,7971
2026-08-31T09:30:00+00:00,29447.56,29450.31,29424.190000000002,29425.06,6063
2026-08-31T09:45:00+00:00,29425.06,29426.440000000002,29402.940000000002,29408.440000000002,7406
2026-08-31T10:00:00+00:00,29408.440000000002,29417.440000000002,29397.440000000002,29414.940000000002,10479
2026-08-31T10:15:00+00:00,29414.940000000002,29424.31,29402.940000000002,29417.440000000002,9471
2026-08-31T10:30:00+00:00,29417.440000000002,29417.81,29407.440000000002,29411.690000000002,7973
2026-08-31T10:45:00+00:00,29411.690000000002,29428.56,29407.31,29416.31,7604
2026-08-31T11:00:00+00:00,29416.31,29420.440000000002,29393.81,29396.56,13269
2026-08-31T11:15:00+00:00,29396.56,29427.190000000002,29393.440000000002,29422.190000000002,11559
2026-08-31T11:30:00+00:00,29422.190000000002,29424.06,29390.190000000002,29390.440000000002,13200
2026-08-31T11:45:00+00:00,29390.440000000002,29396.81,29382.81,29386.56,10086
2026-08-31T12:00:00+00:00,29386.56,29423.940000000002,29356.260000000002,29407.190000000002,17125
2026-08-31T12:15:00+00:00,29407.190000000002,29439.440000000002,29354.760000000002,29372.56,17631
2026-08-31T12:30:00+00:00,29372.56,29398.940000000002,29346.690000000002,29355.940000000002,20641
2026-08-31T12:45:00+00:00,29355.940000000002,29364.81,29336.940000000002,29346.940000000002,14709
2026-08-31T13:00:00+00:00,29346.940000000002,29368.06,29334.940000000002,29365.690000000002,18153
2026-08-31T13:15:00+00:00,29365.690000000002,29398.940000000002,29365.440000000002,29395.940000000002,19754
2026-08-31T13:30:00+00:00,29395.940000000002,29474.09,29347.710000000003,29365.460000000003,180053
2026-08-31T13:45:00+00:00,29365.460000000003,29436.09,29345.510000000002,29395.84,127857
2026-08-31T14:00:00+00:00,29395.84,29405.09,29328.34,29351.34,91904
2026-08-31T14:15:00+00:00,29351.34,29388.59,29312.960000000003,29331.960000000003,73153
2026-08-31T14:30:00+00:00,29331.960000000003,29392.210000000003,29321.84,29382.710000000003,59418
2026-08-31T14:45:00+00:00,29382.710000000003,29400.34,29341.59,29373.09,48430
2026-08-31T15:00:00+00:00,29373.09,29400.210000000003,29353.09,29374.59,51426
2026-08-31T15:15:00+00:00,29374.59,29402.34,29354.84,29378.210000000003,43439
2026-08-31T15:30:00+00:00,29378.210000000003,29382.59,29340.59,29366.210000000003,42537
2026-08-31T15:45:00+00:00,29366.210000000003,29389.960000000003,29342.34,29346.34,33101
2026-08-31T16:00:00+00:00,29346.34,29370.460000000003,29320.84,29364.960000000003,35983
2026-08-31T16:15:00+00:00,29364.960000000003,29384.09,29339.34,29382.710000000003,28131
2026-08-31T16:30:00+00:00,29382.710000000003,29388.34,29352.34,29371.210000000003,28442
2026-08-31T16:45:00+00:00,29371.210000000003,29400.460000000003,29366.960000000003,29397.460000000003,21726
2026-08-31T17:00:00+00:00,29397.460000000003,29398.710000000003,29372.960000000003,29381.210000000003,21891
2026-08-31T17:15:00+00:00,29381.210000000003,29391.59,29351.210000000003,29354.34,21172
2026-08-31T17:30:00+00:00,29354.34,29397.210000000003,29345.84,29397.210000000003,22071
2026-08-31T17:45:00+00:00,29397.210000000003,29414.710000000003,29388.34,29399.210000000003,20606
2026-08-31T18:00:00+00:00,29399.210000000003,29415.960000000003,29379.960000000003,29404.460000000003,25525
2026-08-31T18:15:00+00:00,29404.460000000003,29418.34,29394.84,29395.710000000003,18282
2026-08-31T18:30:00+00:00,29395.710000000003,29400.84,29340.210000000003,29356.960000000003,26511
2026-08-31T18:45:00+00:00,29356.960000000003,29377.84,29347.84,29361.59,22666
2026-08-31T19:00:00+00:00,29361.59,29386.84,29361.210000000003,29382.960000000003,20643
2026-08-31T19:15:00+00:00,29382.960000000003,29410.84,29374.710000000003,29405.460000000003,19521
2026-08-31T19:30:00+00:00,29405.460000000003,29440.34,29388.210000000003,29434.210000000003,23577
2026-08-31T19:45:00+00:00,29434.210000000003,29495.710000000003,29416.210000000003,29463.59,57790
2026-08-31T20:00:00+00:00,29463.59,29484.190000000002,29463.440000000002,29468.940000000002,15301
2026-08-31T20:15:00+00:00,29468.940000000002,29473.690000000002,29464.440000000002,29470.81,4547
2026-08-31T20:30:00+00:00,29470.81,29477.31,29466.940000000002,29473.56,2743
2026-08-31T20:45:00+00:00,29473.56,29477.940000000002,29464.31,29477.760000000002,2906
2026-08-31T22:00:00+00:00,29477.760000000002,29481.11,29460.74,29466.74,5601
2026-08-31T22:15:00+00:00,29466.74,29467.61,29458.36,29461.36,2494
2026-08-31T22:30:00+00:00,29461.36,29466.99,29460.99,29463.86,1796
2026-08-31T22:45:00+00:00,29463.86,29466.36,29450.24,29452.99,2847
2026-08-31T23:00:00+00:00,29452.99,29461.49,29449.61,29455.36,4714
2026-08-31T23:15:00+00:00,29455.36,29458.49,29446.24,29456.11,2715
2026-08-31T23:30:00+00:00,29456.11,29473.99,29453.36,29469.61,4695
2026-08-31T23:45:00+00:00,29469.61,29478.86,29456.11,29460.24,10856
2026-09-01T00:00:00+00:00,29460.24,29480.61,29439.74,29448.86,27859
2026-09-01T00:15:00+00:00,29448.86,29477.99,29437.74,29460.36,16817
2026-09-01T00:30:00+00:00,29460.36,29478.61,29443.74,29461.36,13990
2026-09-01T00:45:00+00:00,29461.36,29467.49,29451.74,29465.86,12782
2026-09-01T01:00:00+00:00,29465.86,29473.36,29451.36,29471.74,16343
2026-09-01T01:15:00+00:00,29471.74,29475.49,29436.99,29443.11,12382
2026-09-01T01:30:00+00:00,29443.11,29474.49,29434.49,29467.24,16260
2026-09-01T01:45:00+00:00,29467.24,29470.24,29449.74,29458.49,9244
2026-09-01T02:00:00+00:00,29458.49,29462.61,29434.74,29440.24,9963
2026-09-01T02:15:00+00:00,29440.24,29445.99,29412.24,29419.24,8497
2026-09-01T02:30:00+00:00,29419.24,29431.74,29395.24,29398.11,11528
2026-09-01T02:45:00+00:00,29398.11,29452.24,29395.74,29450.99,9148
2026-09-01T03:00:00+00:00,29450.99,29453.11,29427.31,29430.74,10347
2026-09-01T03:15:00+00:00,29430.74,29435.99,29418.74,29423.86,8352
2026-09-01T03:30:00+00:00,29423.86,29442.24,29420.11,29436.86,9394
2026-09-01T03:45:00+00:00,29436.86,29447.61,29434.49,29445.99,6887
2026-09-01T04:00:00+00:00,29445.99,29456.99,29440.99,29448.24,7984
2026-09-01T04:15:00+00:00,29448.24,29460.86,29445.11,29452.49,6653
2026-09-01T04:30:00+00:00,29452.49,29461.74,29429.74,29430.11,7873
2026-09-01T04:45:00+00:00,29430.11,29453.24,29425.74,29432.36,8747
2026-09-01T05:00:00+00:00,29432.36,29434.99,29419.61,29423.74,7713
2026-09-01T05:15:00+00:00,29423.74,29447.24,29406.61,29444.99,9363
2026-09-01T05:30:00+00:00,29444.99,29495.24,29441.24,29492.99,11726
2026-09-01T05:45:00+00:00,29492.99,29530.36,29481.24,29520.74,9266
2026-09-01T06:00:00+00:00,29520.74,29526.99,29489.99,29504.36,12623
2026-09-01T06:15:00+00:00,29504.36,29505.86,29473.86,29476.24,12517
2026-09-01T06:30:00+00:00,29476.24,29504.74,29473.24,29498.61,12264
2026-09-01T06:45:00+00:00,29498.61,29500.24,29473.74,29474.74,10970
2026-09-01T07:00:00+00:00,29474.74,29514.86,29471.61,29513.11,21793
2026-09-01T07:15:00+00:00,29513.11,29515.61,29487.74,29505.49,13914
2026-09-01T07:30:00+00:00,29505.49,29506.24,29421.74,29422.49,17283
2026-09-01T07:45:00+00:00,29422.49,29437.74,29389.81,29395.36,15277
2026-09-01T08:00:00+00:00,29395.36,29408.36,29286.81,29308.36,35575
2026-09-01T08:15:00+00:00,29308.36,29318.49,29238.61,29245.24,28787
2026-09-01T08:30:00+00:00,29245.24,29271.36,29206.56,29217.74,23931
2026-09-01T08:45:00+00:00,29217.74,29238.86,29191.06,29194.49,20574
2026-09-01T09:00:00+00:00,29194.49,29202.99,29160.74,29167.24,19800
2026-09-01T09:15:00+00:00,29167.24,29177.74,29145.24,29157.24,17202
2026-09-01T09:30:00+00:00,29157.24,29175.86,29143.24,29172.36,17982
2026-09-01T09:45:00+00:00,29172.36,29187.11,29170.86,29172.11,12823
2026-09-01T10:00:00+00:00,29172.11,29186.99,29160.74,29181.61,14414
2026-09-01T10:15:00+00:00,29181.61,29207.99,29171.24,29196.61,12161
2026-09-01T10:30:00+00:00,29196.61,29217.11,29186.61,29186.99,10945
2026-09-01T10:45:00+00:00,29186.99,29202.24,29156.81,29169.11,13026
2026-09-01T11:00:00+00:00,29159.86,29167.11,29138.06,29159.49,16211
2026-09-01T11:15:00+00:00,29159.49,29175.74,29155.61,29167.61,13885
2026-09-01T11:30:00+00:00,29167.61,29197.11,29165.49,29186.24,11658
2026-09-01T11:45:00+00:00,29186.24,29188.74,29126.86,29131.11,16099
2026-09-01T12:00:00+00:00,29131.11,29138.74,29113.11,29124.24,21116
2026-09-01T12:15:00+00:00,29124.24,29132.49,29097.61,29128.99,16653
2026-09-01T12:30:00+00:00,29128.99,29129.74,29082.99,29089.11,20470
2026-09-01T12:45:00+00:00,29089.11,29112.36,29082.36,29085.11,15722
2026-09-01T13:00:00+00:00,29085.11,29085.74,29045.99,29052.36,21111
2026-09-01T13:15:00+00:00,29052.36,29081.61,29043.99,29070.86,18115
2026-09-01T13:30:00+00:00,29070.86,29100.010000000002,29000.010000000002,29043.010000000002,158636
2026-09-01T13:45:00+00:00,29043.010000000002,29117.390000000003,29034.81,29063.81,99802
2026-09-01T14:00:00+00:00,29063.81,29121.510000000002,29045.31,29094.140000000003,78992
2026-09-01T14:15:00+00:00,29094.140000000003,29138.890000000003,29091.640000000003,29125.010000000002,59114
2026-09-01T14:30:00+00:00,29125.010000000002,29194.390000000003,29122.260000000002,29193.760000000002,41643
2026-09-01T14:45:00+00:00,29193.760000000002,29227.510000000002,29167.06,29188.010000000002,45635
2026-09-01T15:00:00+00:00,29188.010000000002,29201.140000000003,29140.510000000002,29143.140000000003,45701
2026-09-01T15:15:00+00:00,29143.140000000003,29192.260000000002,29140.010000000002,29192.010000000002,38729
2026-09-01T15:30:00+00:00,29192.010000000002,29249.640000000003,29184.640000000003,29247.260000000002,33784
2026-09-01T15:45:00+00:00,29247.260000000002,29276.260000000002,29246.140000000003,29255.510000000002,27982
2026-09-01T16:00:00+00:00,29255.510000000002,29260.010000000002,29191.890000000003,29191.890000000003,28878
2026-09-01T16:15:00+00:00,29191.890000000003,29195.260000000002,29123.140000000003,29137.510000000002,48204
2026-09-01T16:30:00+00:00,29137.510000000002,29143.390000000003,29092.510000000002,29097.760000000002,45268
2026-09-01T16:45:00+00:00,29097.760000000002,29156.890000000003,29093.260000000002,29150.640000000003,30145
2026-09-01T17:00:00+00:00,29150.640000000003,29151.390000000003,29099.010000000002,29115.390000000003,34100
2026-09-01T17:15:00+00:00,29115.390000000003,29123.260000000002,29063.510000000002,29102.390000000003,33063
2026-09-01T17:30:00+00:00,29102.390000000003,29121.010000000002,29098.260000000002,29111.140000000003,28755
2026-09-01T17:45:00+00:00,29111.140000000003,29112.760000000002,29078.010000000002,29100.010000000002,25702
2026-09-01T18:00:00+00:00,29100.010000000002,29110.890000000003,29061.510000000002,29062.010000000002,26102
2026-09-01T18:15:00+00:00,29062.010000000002,29077.510000000002,29045.510000000002,29053.640000000003,24750
2026-09-01T18:30:00+00:00,29053.640000000003,29056.760000000002,28974.260000000002,28974.260000000002,29037
2026-09-01T18:45:00+00:00,28974.260000000002,29040.260000000002,28962.260000000002,29035.510000000002,36320
2026-09-01T19:00:00+00:00,29035.510000000002,29080.010000000002,29031.010000000002,29079.510000000002,32803
2026-09-01T19:15:00+00:00,29079.510000000002,29088.760000000002,29063.510000000002,29086.010000000002,27199
2026-09-01T19:30:00+00:00,29086.010000000002,29087.510000000002,29053.260000000002,29077.510000000002,31276
2026-09-01T19:45:00+00:00,29077.510000000002,29100.510000000002,29046.890000000003,29084.890000000003,44586
2026-09-01T20:00:00+00:00,29084.890000000003,29116.610000000004,29072.860000000004,29093.990000000005,16041
2026-09-01T20:15:00+00:00,29093.990000000005,29118.360000000004,29093.740000000005,29095.490000000005,6107
2026-09-01T20:30:00+00:00,29095.490000000005,29114.860000000004,29091.990000000005,29105.860000000004,5021
2026-09-01T20:45:00+00:00,29105.860000000004,29106.360000000004,29089.990000000005,29097.560000000005,4865
2026-09-01T22:00:00+00:00,29097.560000000005,29111.420000000002,29070.920000000002,29072.920000000002,4926
2026-09-01T22:15:00+00:00,29072.920000000002,29088.300000000003,29065.300000000003,29077.300000000003,4277
2026-09-01T22:30:00+00:00,29077.300000000003,29083.420000000002,29074.300000000003,29080.550000000003,2988
2026-09-01T22:45:00+00:00,29080.550000000003,29101.170000000002,29078.300000000003,29094.050000000003,4119
2026-09-01T23:00:00+00:00,29094.050000000003,29098.170000000002,29091.550000000003,29092.170000000002,2934
2026-09-01T23:15:00+00:00,29092.170000000002,29100.300000000003,29082.920000000002,29100.300000000003,4236
2026-09-01T23:30:00+00:00,29100.300000000003,29106.300000000003,29096.420000000002,29103.420000000002,3330
2026-09-01T23:45:00+00:00,29103.420000000002,29109.170000000002,29094.550000000003,29097.050000000003,9605
2026-09-02T00:00:00+00:00,29097.05,29106.3,29069.42,29091.92,28745
2026-09-02T00:15:00+00:00,29091.92,29132.8,29086.67,29090.42,25547
2026-09-02T00:30:00+00:00,29090.42,29110.92,29077.3,29102.92,18904
2026-09-02T00:45:00+00:00,29102.92,29108.05,29066.8,29066.92,13522
2026-09-02T01:00:00+00:00,29066.92,29089.3,29051.55,29061.3,23625
2026-09-02T01:15:00+00:00,29061.3,29092.42,29057.8,29078.3,17302
2026-09-02T01:30:00+00:00,29078.3,29085.55,29033.92,29037.42,17013
2026-09-02T01:45:00+00:00,29037.42,29041.17,29010.92,29038.300000000003,14859
2026-09-02T02:00:00+00:00,29038.300000000003,29039.800000000003,29037.800000000003,29038.300000000003,222
